"Name","ResourcePath","Category","ArmsOnly","SizeKB"
"aemeath","agents/fys/aemeath/aemeath.vmdl","agents","False","1574.3"
"agent","agents/models/hmn_ag2/madness_combat/agent/agent.vmdl","agents","False","97.3"
"akatsuki sk2modellimitedcolision","agents/models/hmn_ag2/kantai_collection/akatsuki/akatsuki_sk2modellimitedcolision.vmdl","agents","False","1038.4"
"alice","agents/models/hmn_ag2/nikke/alice/alice.vmdl","agents","False","2237.6"
"alice mana","agents/models/hmn_ag2/vtuber/alice_mana/alice_mana.vmdl","agents","False","1086.6"
"allstar","agents/fys/zombie/allstar/allstar.vmdl","agents","False","300.3"
"alva","agents/models/hmn_ag2/dollsfrontline2/alva/alva.vmdl","agents","False","1533.5"
"alya","agents/models/hmn_ag2/roshidere/alya/alya.vmdl","agents","False","1088.1"
"alyss","agents/models/hmn_ag2/tower_of_fantasy/alyss/alyss.vmdl","agents","False","1091.2"
"amagi chan","agents/models/hmn_ag2/azur_lane/amagi_chan/amagi_chan.vmdl","agents","False","1714.7"
"anya","agents/models/hmn_ag2/spy_family/anya/anya.vmdl","agents","False","1055.9"
"artoria lancer","agents/models/hmn_ag2/fate_grand_order/artoria_lancer/artoria_lancer.vmdl","agents","False","892.8"
"asuna","agents/fys/asuna/asuna.vmdl","agents","False","793.3"
"asuna bunny","agents/models/hmn_ag2/blue_archive/asuna/asuna_bunny.vmdl","agents","False","1371.4"
"async hazmat suits","agents/models/hmn_ag2/backrooms/async_hazmat_suits/async_hazmat_suits.vmdl","agents","False","572.5"
"atlas","agents/models/hmn_ag2/portal/atlas/atlas.vmdl","agents","False","1008.4"
"bill","agents/models/hmn_ag2/left4dead/bill/bill.vmdl","agents","False","359.2"
"bronya","agents/maoling/honkai_impact/bronya/eva/bronya.vmdl","agents","False","763.7"
"camellya","agents/maoling/wuthering_waves/camellya/normal/camellya.vmdl","agents","False","832.8"
"cartethyia","agents/maoling/wuthering_waves/cartethyia/normal/cartethyia.vmdl","agents","False","946.9"
"celestia","agents/maoling/strinova/celestia/stellar_tide/celestia.vmdl","agents","False","865.3"
"celestia","agents/maoling/strinova/celestia/twilight_reverie/celestia.vmdl","agents","False","935.9"
"centaureissi","agents/models/hmn_ag2/dollsfrontline2/centaureissi/centaureissi.vmdl","agents","False","1172.3"
"cheeta","agents/models/hmn_ag2/dollsfrontline2/cheeta/cheeta.vmdl","agents","False","1138.7"
"chen qianyu","agents/models/hmn_ag2/arknights_endfield/chen_qianyu/chen_qianyu.vmdl","agents","False","1767.9"
"cheyanne","agents/models/hmn_ag2/dollsfrontline2/cheyanne/cheyanne.vmdl","agents","False","1946.6"
"chicken jockey","agents/models/hmn_ag2/zombie/chicken_jockey/chicken_jockey.vmdl","agents","False","78.3"
"chiffon angle","agents/fys/chiffon_angle/chiffon_angle.vmdl","agents","False","1200.5"
"chiitan","agents/models/hmn_ag2/japanese_mascot/chiitan/chiitan.vmdl","agents","False","158.7"
"chillet","agents/models/hmn_ag2/palworld/chillet/chillet.vmdl","agents","False","285.1"
"chisato","agents/models/hmn_ag2/lycoris_recoil/chisato/chisato.vmdl","agents","False","1406.8"
"chiyu","agents/models/hmn_ag2/vocaloid/chiyu/chiyu.vmdl","agents","False","1410.2"
"chloe","agents/models/hmn_ag2/vtuber/chloe/chloe.vmdl","agents","False","2073.9"
"claptrap","agents/models/hmn_ag2/borderlands/claptrap/claptrap.vmdl","agents","False","199.1"
"cloud strife","agents/models/hmn_ag2/final_fantasy/cloud_strife/cloud_strife.vmdl","agents","False","1768.8"
"collei","agents/models/hmn_ag2/genshin/collei/collei.vmdl","agents","False","836.7"
"columbina","agents/maoling/genshin_impact/columbina/normal/columbina.vmdl","agents","False","662"
"combine captain","agents/models/hmn_ag2/halflife/combine_captain/combine_captain.vmdl","agents","False","835.6"
"coralie","agents/fys/coralie/coralie.vmdl","agents","False","885"
"cyrene","agents/maoling/star_rail/cyrene/normal/cyrene.vmdl","agents","False","1065.3"
"dabuchi tabemi","agents/models/hmn_ag2/mcdonalds/imadake_dabuchi_tabemi/dabuchi_tabemi.vmdl","agents","False","1262.6"
"death machine pame","agents/models/hmn_ag2/zombie/death_machine_pame/death_machine_pame.vmdl","agents","False","653.2"
"dogmeat","agents/models/hmn_ag2/fallout/dogmeat/dogmeat.vmdl","agents","False","298"
"doro","agents/models/hmn_ag2/stellar_blade/doro/doro.vmdl","agents","False","241.2"
"drossel","agents/models/hmn_ag2/fireball/drossel_von_flugel/drossel.vmdl","agents","False","1053.7"
"ellen","agents/models/hmn_ag2/zenless_zone_zero/ellen/ellen.vmdl","agents","False","1075.1"
"ellis","agents/models/hmn_ag2/left4dead/ellis/ellis.vmdl","agents","False","371.3"
"endministrator","agents/models/hmn_ag2/arknights_endfield/endministrator/endministrator.vmdl","agents","False","1329"
"exusiai","agents/models/hmn_ag2/arknights/exusiai/exusiai.vmdl","agents","False","1315.9"
"faye","agents/models/hmn_ag2/dollsfrontline2/faye/faye.vmdl","agents","False","1243"
"firefly","agents/models/hmn_ag2/honkai_starrail/firefly/firefly.vmdl","agents","False","1111.6"
"flandre","agents/models/hmn_ag2/touhou/flandre/flandre.vmdl","agents","False","962.4"
"florence","agents/models/hmn_ag2/dollsfrontline2/florence/florence.vmdl","agents","False","1550.2"
"furina","agents/maoling/genshin_impact/furina/normal/furina.vmdl","agents","False","820.5"
"furina","agents/models/hmn_ag2/genshin/furina/furina.vmdl","agents","False","1158.5"
"fuwasaki","agents/models/hmn_ag2/tower_of_fantasy/fuwasaki/fuwasaki.vmdl","agents","False","1141"
"ganyu","agents/models/hmn_ag2/genshin/ganyu/ganyu.vmdl","agents","False","1426.3"
"gc","agents/fys/gc/gc.vmdl","agents","False","647.8"
"golden chillet","agents/models/hmn_ag2/palworld/golden_chillet/golden_chillet.vmdl","agents","False","197.8"
"goldship","agents/models/oylsister/uma_musume/gold_ship/goldship.vmdl","agents","False","857.3"
"goldship arms","agents/models/oylsister/uma_musume/gold_ship/goldship_arms.vmdl","agents","True","115"
"gordon freeman","agents/models/hmn_ag2/halflife/gordon_freeman/gordon_freeman.vmdl","agents","False","281.8"
"graf zeppelin","agents/models/hmn_ag2/kantai_collection/graf_zeppelin/graf_zeppelin.vmdl","agents","False","1320.8"
"grani","agents/models/hmn_ag2/arknights/grani/grani.vmdl","agents","False","1060"
"groza","agents/models/hmn_ag2/dollsfrontline2/groza/groza.vmdl","agents","False","1299.4"
"gsg9 css","agents/models/hmn_ag2/counter_strike_source/gsg9_css/gsg9_css.vmdl","agents","False","311.9"
"gura","agents/models/hmn_ag2/vtuber/gura/gura.vmdl","agents","False","1257.3"
"hanabi","agents/models/hmn_ag2/honkai_impact_3rd/hanabi/hanabi.vmdl","agents","False","926.4"
"hanako","agents/models/hmn_ag2/blue_archive/hanako/hanako.vmdl","agents","False","1599.7"
"hanako swimsuit","agents/models/hmn_ag2/blue_archive/hanako_swimsuit/hanako_swimsuit.vmdl","agents","False","1576.8"
"hel","agents/models/hmn_ag2/aether_gazer/hel/hel.vmdl","agents","False","1010.2"
"hibiki","agents/models/hmn_ag2/kantai_collection/hibiki/hibiki.vmdl","agents","False","912.9"
"hk416","agents/maoling/girls_frontline/hk416/starry_cocoon/hk416.vmdl","agents","False","1004.8"
"hk416","agents/models/hmn_ag2/dollsfrontline/hk416/hk416.vmdl","agents","False","1046"
"hl2 zombie","agents/models/hmn_ag2/zombie/hl2_zombie/hl2_zombie.vmdl","agents","False","170.8"
"hlalyx vortigaunt","agents/models/hmn_ag2/zombie/hlalyx_vortigaunt/hlalyx_vortigaunt.vmdl","agents","False","481.9"
"hlalyx zombie","agents/models/hmn_ag2/zombie/hlalyx_zombie/hlalyx_zombie.vmdl","agents","False","447.2"
"homelander","agents/models/hmn_ag2/the_boys/homelander/homelander.vmdl","agents","False","1222.5"
"hoshimachi suisei","agents/models/hmn_ag2/vtuber/suisei/hoshimachi_suisei.vmdl","agents","False","1562.8"
"hoshino","agents/models/hmn_ag2/blue_archive/hoshino/hoshino.vmdl","agents","False","1901.2"
"hutao","agents/fys/hutao/hutao.vmdl","agents","False","841.6"
"hutao","agents/models/hmn_ag2/genshin/hutao/hutao.vmdl","agents","False","1169.6"
"ikazuchi","agents/models/hmn_ag2/kantai_collection/ikazuchi/ikazuchi.vmdl","agents","False","1016.6"
"ikazuchi yukata","agents/models/hmn_ag2/kantai_collection/ikazuchi_yukata/ikazuchi_yukata.vmdl","agents","False","522.1"
"inazuma","agents/models/hmn_ag2/kantai_collection/inazuma/inazuma.vmdl","agents","False","1008.4"
"inazuma yukata","agents/models/hmn_ag2/kantai_collection/inazuma_yukata/inazuma_yukata.vmdl","agents","False","542.8"
"iuno","agents/maoling/wuthering_waves/iuno/normal/iuno.vmdl","agents","False","965.9"
"jahoda","agents/models/oylsister/genshin/jahoda/jahoda.vmdl","agents","False","772.2"
"jashin tokitori","agents/models/hmn_ag2/zombie/jashin_tokitori/jashin_tokitori.vmdl","agents","False","343"
"jiangyu","agents/models/hmn_ag2/dollsfrontline2/jiangyu/jiangyu.vmdl","agents","False","1280.1"
"kanami","agents/maoling/strinova/kanami/swimsuit/kanami.vmdl","agents","False","785.8"
"karin bunny","agents/models/hmn_ag2/blue_archive/karin/karin_bunny.vmdl","agents","False","1644.8"
"katja","agents/models/hmn_ag2/eternal_return/katja/katja.vmdl","agents","False","1419.4"
"keqing","agents/maoling/genshin_impact/keqing/normal/keqing.vmdl","agents","False","517.8"
"kiana","agents/maoling/honkai_impact/kiana/flame/kiana.vmdl","agents","False","597.4"
"kiana","agents/maoling/honkai_impact/kiana/twins/kiana.vmdl","agents","False","733.9"
"kira","agents/maoling/honkai_impact/shigure_kira/normal/kira.vmdl","agents","False","692.6"
"kirara","agents/maoling/genshin_impact/kirara/normal/kirara.vmdl","agents","False","809.7"
"kirito","agents/fys/kirito/kirito.vmdl","agents","False","836"
"klukai","agents/models/hmn_ag2/dollsfrontline2/klukai/klukai.vmdl","agents","False","1288.5"
"koishi","agents/models/hmn_ag2/touhou/koishi/koishi.vmdl","agents","False","769.9"
"konuri maki","agents/maoling/blue_archive/konuri_maki/konuri_maki.vmdl","agents","False","701.5"
"kotone","agents/models/hmn_ag2/gakuen_idolmaster/kotone/kotone.vmdl","agents","False","1398.9"
"kuramitsuha","agents/models/hmn_ag2/aether_gazer/kuramitsuha/kuramitsuha.vmdl","agents","False","996.2"
"laevatain","agents/models/hmn_ag2/arknights_endfield/laevatain/laevatain.vmdl","agents","False","1813"
"lafei","agents/fys/lafei/lafei.vmdl","agents","False","599.7"
"lamy","agents/models/hmn_ag2/vtuber/lamy/lamy.vmdl","agents","False","1664.1"
"lappland","agents/models/hmn_ag2/arknights/lappland/lappland.vmdl","agents","False","1381.5"
"lenna","agents/models/hmn_ag2/dollsfrontline2/lenna/lenna.vmdl","agents","False","1282.8"
"leon","agents/maoling/re2/leon/leon.vmdl","agents","False","427.5"
"leon re2","agents/models/hmn_ag2/biohazard/leon_re2/leon_re2.vmdl","agents","False","1689.8"
"leva","agents/models/hmn_ag2/dollsfrontline2/leva/leva.vmdl","agents","False","1681.1"
"lila decyrus","agents/models/hmn_ag2/atelier_ryza/lila_decyrus/lila_decyrus.vmdl","agents","False","859"
"lind","agents/models/hmn_ag2/dollsfrontline2/lind/lind.vmdl","agents","False","1532.1"
"liv","agents/maoling/gray_raven/liv/empyrea/liv.vmdl","agents","False","571"
"longniang","agents/maoling/honkai_impact/creation/long_niang/longniang.vmdl","agents","False","913.5"
"lucia","agents/maoling/gray_raven/lucia/plume/lucia.vmdl","agents","False","671.9"
"lycaon","agents/models/hmn_ag2/zenless_zone_zero/lycaon/lycaon.vmdl","agents","False","1064.6"
"lynae","agents/models/hmn_ag2/wuthering_waves/lynae/lynae.vmdl","agents","False","1846.7"
"macqiato","agents/models/hmn_ag2/dollsfrontline2/macqiato/macqiato.vmdl","agents","False","1108.4"
"mako","agents/models/hmn_ag2/senren_banka/hitachi_mako/mako.vmdl","agents","False","772.8"
"manuka","agents/fys/manuka/manuka.vmdl","agents","False","1614.2"
"maribel hearn","agents/models/hmn_ag2/touhou/maribel_hearn/maribel_hearn.vmdl","agents","False","953.9"
"marine","agents/models/hmn_ag2/vtuber/marine/marine.vmdl","agents","False","1724.7"
"marisa","agents/models/hmn_ag2/touhou/marisa/marisa.vmdl","agents","False","771.1"
"master chief","agents/models/hmn_ag2/halo_infinite/master_chief/master_chief.vmdl","agents","False","1444.3"
"master chief White","agents/models/s2ze/master_chief/master_chief_White.vmdl","agents","False","606.6"
"matika","agents/models/oylsister/uma_musume/matika/matika.vmdl","agents","False","453.4"
"matika arms","agents/models/oylsister/uma_musume/matika/matika_arms.vmdl","agents","True","198.9"
"matika2","agents/models/oylsister/uma_musume/matika/matika2.vmdl","agents","False","453.4"
"mechty","agents/models/hmn_ag2/dollsfrontline2/mechty/mechty.vmdl","agents","False","1202.9"
"megumin","agents/models/hmn_ag2/konosuba/megumin/megumin.vmdl","agents","False","1280.3"
"mika","agents/models/hmn_ag2/blue_archive/mika/mika.vmdl","agents","False","827.1"
"mika misono","agents/models/hmn_ag2/blue_archive/mika_misono/mika_misono.vmdl","agents","False","1492.2"
"miku sk2model","agents/models/hmn_ag2/vocaloid/miku/miku_sk2model.vmdl","agents","False","823.5"
"miku sk2modellimitedcolision","agents/models/hmn_ag2/vocaloid/miku/miku_sk2modellimitedcolision.vmdl","agents","False","821.9"
"milltina","agents/fys/milltina_sj/milltina.vmdl","agents","False","1262"
"mint","agents/models/hmn_ag2/neverness_to_everness/mint/mint.vmdl","agents","False","1744.4"
"mita","agents/models/hmn_ag2/miside/mita/mita.vmdl","agents","False","996.5"
"mityl","agents/models/hmn_ag2/dollsfrontline2/mityl/mityl.vmdl","agents","False","1934.3"
"miyabi","agents/maoling/zenless_zone_zero/hoshimi_miyabi/normal/miyabi.vmdl","agents","False","912.3"
"miyabi","agents/models/hmn_ag2/zenless_zone_zero/miyabi/miyabi.vmdl","agents","False","1077"
"momiji","agents/models/hmn_ag2/touhou/momiji/momiji.vmdl","agents","False","803"
"momocho","agents/models/hmn_ag2/palworld/momocho/momocho.vmdl","agents","False","285.2"
"muscular","agents/models/hmn_ag2/tokitori/muscular/muscular.vmdl","agents","False","337.3"
"nagant","agents/models/hmn_ag2/dollsfrontline2/nagant/nagant.vmdl","agents","False","1030.9"
"nanoka","agents/models/hmn_ag2/honkai_starrail/nanoka/nanoka.vmdl","agents","False","967"
"neco arc","agents/models/hmn_ag2/melty_blood_type_lumina/neco_arc/neco_arc.vmdl","agents","False","599.3"
"neco arc small","agents/models/s2ze/neco_arc/neco_arc_small.vmdl","agents","False","262.8"
"neptune","agents/models/hmn_ag2/hyperdimension_neptunia/neptune/neptune.vmdl","agents","False","678.9"
"next black","agents/models/hmn_ag2/hyperdimension_neptunia/next_black/next_black.vmdl","agents","False","680.2"
"nico","agents/models/hmn_ag2/zenless_zone_zero/nico/nico.vmdl","agents","False","1214.4"
"nikketa","agents/models/hmn_ag2/dollsfrontline2/nikketa/nikketa.vmdl","agents","False","1373.7"
"niko","agents/models/hmn_ag2/blue_archive/niko/niko.vmdl","agents","False","1522"
"niko oneshot","agents/models/hmn_ag2/oneshot/niko_oneshot/niko_oneshot.vmdl","agents","False","670.9"
"nilou","agents/maoling/genshin_impact/nilou/normal/nilou.vmdl","agents","False","676.5"
"nilou","agents/models/hmn_ag2/genshin/nilou/nilou.vmdl","agents","False","924"
"noah","agents/models/hmn_ag2/blue_archive/noah/noah.vmdl","agents","False","1173.8"
"noel","agents/models/hmn_ag2/vtuber/noel/noel.vmdl","agents","False","2123.9"
"nonomi","agents/models/hmn_ag2/blue_archive/nonomi/nonomi.vmdl","agents","False","1377.5"
"omaneko","agents/models/hmn_ag2/jasdf/omaneko/omaneko.vmdl","agents","False","1097.8"
"osiris","agents/maoling/aether_gazer/osiris/living_soul/osiris.vmdl","agents","False","828.2"
"pathfinder","agents/models/hmn_ag2/apex_legends/pathfinder/pathfinder.vmdl","agents","False","905.2"
"peely","agents/models/hmn_ag2/fortnite/peely/peely.vmdl","agents","False","262.1"
"pekora","agents/models/hmn_ag2/vtuber/pekora/pekora.vmdl","agents","False","1779"
"perlica","agents/models/hmn_ag2/arknights_endfield/perlica/perlica.vmdl","agents","False","2299.4"
"phoenix css","agents/models/hmn_ag2/counter_strike_source/phoenix_css/phoenix_css.vmdl","agents","False","326.7"
"piesuke sk2model","agents/models/hmn_ag2/zombie/piesuke/piesuke_sk2model.vmdl","agents","False","251.8"
"pikachu","agents/models/hmn_ag2/pokemon/pikachu/pikachu.vmdl","agents","False","277.9"
"prinny","agents/models/hmn_ag2/disgaea/prinny/prinny.vmdl","agents","False","255.8"
"print","agents/fys/print/print.vmdl","agents","False","923.9"
"pulchra","agents/models/hmn_ag2/zenless_zone_zero/pulchra/pulchra.vmdl","agents","False","817.5"
"pururut","agents/fys/pururut/pururut.vmdl","agents","False","324.5"
"qpgh","agents/fys/qpgh/qpgh.vmdl","agents","False","894"
"rapi","agents/models/hmn_ag2/nikke/rapi/rapi.vmdl","agents","False","1748.4"
"regenerador re4","agents/models/hmn_ag2/zombie/regenerador_re4/regenerador_re4.vmdl","agents","False","715.3"
"reimu","agents/models/hmn_ag2/touhou/reimu/reimu.vmdl","agents","False","897.8"
"reisen udongein","agents/models/hmn_ag2/touhou/reisen_udongein/reisen_udongein.vmdl","agents","False","725.1"
"remilia","agents/models/hmn_ag2/touhou/remilia/remilia.vmdl","agents","False","758.2"
"renko","agents/models/hmn_ag2/touhou/renko/renko.vmdl","agents","False","986.9"
"robin","agents/models/hmn_ag2/honkai_starrail/robin/robin.vmdl","agents","False","1011"
"ryza","agents/models/hmn_ag2/atelier_ryza/ryza/ryza.vmdl","agents","False","1116.9"
"saber","agents/models/hmn_ag2/fate_samurairemnant/saber/saber.vmdl","agents","False","1573.2"
"saber honkai","agents/models/hmn_ag2/fate_series/saber_honkai/saber_honkai.vmdl","agents","False","1058.6"
"sabrina","agents/models/hmn_ag2/dollsfrontline2/sabrina/sabrina.vmdl","agents","False","1239.2"
"sakura","agents/models/hmn_ag2/dollsfrontline2/sakura/sakura.vmdl","agents","False","1348.7"
"sakuraba ema","agents/models/hmn_ag2/magical_girl_witch_trials/sakuraba_ema/sakuraba_ema.vmdl","agents","False","1508.7"
"sakuya","agents/models/hmn_ag2/touhou/sakuya/sakuya.vmdl","agents","False","1255.7"
"sanae","agents/models/hmn_ag2/touhou/sanae/sanae.vmdl","agents","False","885.9"
"sans","agents/models/hmn_ag2/undertale/sans/sans.vmdl","agents","False","225.5"
"satori","agents/models/hmn_ag2/touhou/satori/satori.vmdl","agents","False","1035.2"
"sbpl","agents/models/hmn_ag2/zombie/sbpl_cs2/sbpl.vmdl","agents","False","295.1"
"seele","agents/maoling/honkai_impact/seele/starchasm/seele.vmdl","agents","False","1188.9"
"sensei","agents/models/hmn_ag2/saga/sensei/sensei.vmdl","agents","False","258.9"
"shiroko","agents/models/hmn_ag2/blue_archive/shiroko/shiroko.vmdl","agents","False","1342"
"shorekeeper","agents/maoling/wuthering_waves/shorekeeper/normal/shorekeeper.vmdl","agents","False","899"
"silver wolf","agents/maoling/star_rail/silver_wolf/normal/silver_wolf.vmdl","agents","False","843.1"
"simon henriksson","agents/models/hmn_ag2/cry_of_fear/simon_henriksson/simon_henriksson.vmdl","agents","False","245"
"skadi","agents/models/hmn_ag2/aether_gazer/skadi/skadi.vmdl","agents","False","975"
"skeleton","agents/models/hmn_ag2/zombie/skeleton/skeleton.vmdl","agents","False","247.4"
"skirk","agents/maoling/genshin_impact/skirk/normal/skirk.vmdl","agents","False","859.5"
"soldier","agents/fys/zombie/soldier/soldier.vmdl","agents","False","278.9"
"sophie","agents/models/hmn_ag2/atelier_sophie/sophie/sophie.vmdl","agents","False","812.8"
"soppo","agents/models/hmn_ag2/dollsfrontline2/soppo/soppo.vmdl","agents","False","1842.5"
"sora","agents/models/hmn_ag2/arknights/sora/sora.vmdl","agents","False","1565.6"
"soukaku","agents/models/hmn_ag2/zenless_zone_zero/soukaku/soukaku.vmdl","agents","False","895.2"
"sparkle","agents/maoling/honkai_impact/sparkle/normal/sparkle.vmdl","agents","False","1404.7"
"springtrap","agents/models/hmn_ag2/zombie/springtrap/springtrap.vmdl","agents","False","1832.2"
"steve","agents/models/hmn_ag2/minecraft/steve/steve.vmdl","agents","False","100.1"
"suomi","agents/models/hmn_ag2/dollsfrontline2/suomi/suomi.vmdl","agents","False","1251.4"
"syamu","agents/models/hmn_ag2/youtuber/syamu_game/syamu.vmdl","agents","False","423.5"
"takina","agents/models/hmn_ag2/lycoris_recoil/takina/takina.vmdl","agents","False","1378.4"
"tamamo","agents/models/hmn_ag2/pretty_derby/tamamo_cross/tamamo.vmdl","agents","False","1271.4"
"tasque manager","agents/models/hmn_ag2/deltarune/tasque_manager/tasque_manager.vmdl","agents","False","398.3"
"tenshi","agents/models/hmn_ag2/touhou/tenshi/tenshi.vmdl","agents","False","1011.2"
"teruzuki","agents/models/hmn_ag2/kantai_collection/teruzuki/teruzuki.vmdl","agents","False","1272"
"theresa","agents/maoling/honkai_impact/theresa/twilight/theresa.vmdl","agents","False","527.2"
"tiara","agents/fys/tiara/tiara.vmdl","agents","False","311.4"
"toki","agents/models/hmn_ag2/blue_archive/toki/toki.vmdl","agents","False","1334.5"
"tololo","agents/models/hmn_ag2/dollsfrontline2/tololo/tololo.vmdl","agents","False","1197.2"
"tsukino","agents/models/hmn_ag2/monster_hunter/tsukino/tsukino.vmdl","agents","False","890.7"
"umaru chan","agents/models/hmn_ag2/himouto_umaru_chan/umaru_chan/umaru_chan.vmdl","agents","False","415.3"
"vector","agents/models/hmn_ag2/dollsfrontline2/vector/vector.vmdl","agents","False","1246.8"
"vepley","agents/models/hmn_ag2/dollsfrontline2/vepley/vepley.vmdl","agents","False","1093.1"
"volatile","agents/models/hmn_ag2/zombie/volatile/volatile.vmdl","agents","False","308.5"
"whiterunguard","agents/models/hmn_ag2/skyrim/whiterun_guard/whiterunguard.vmdl","agents","False","186.6"
"witch headcrab","agents/models/hmn_ag2/zombie/witch_headcrab/witch_headcrab.vmdl","agents","False","552.9"
"xenomorph","agents/models/hmn_ag2/zombie/xenomorph/xenomorph.vmdl","agents","False","503.8"
"yami","agents/models/hmn_ag2/to_love_ru/yami/yami.vmdl","agents","False","587.3"
"yhj","agents/fys/yhj/yhj.vmdl","agents","False","1102.7"
"yhj3","agents/fys/yzyhj/yhj3.vmdl","agents","False","774.4"
"yomu","agents/models/hmn_ag2/touhou/yomu/yomu.vmdl","agents","False","1062.3"
"yoshi","agents/models/hmn_ag2/mario_series/yoshi/yoshi.vmdl","agents","False","700"
"yuka","agents/models/hmn_ag2/blue_archive/yuka/yuka.vmdl","agents","False","1217.1"
"yun li 4k","agents/maoling/star_rail/yun_li/normal/yun_li_4k.vmdl","agents","False","1428.5"
"yuudachi","agents/maoling/black_surgenight/yuudachi/yuudachi.vmdl","agents","False","917.7"
"yuyuko","agents/models/hmn_ag2/touhou/yuyuko/yuyuko.vmdl","agents","False","1591.9"
"z46","agents/fys/z46/z46.vmdl","agents","False","1475.2"
"zhao","agents/models/hmn_ag2/zenless_zone_zero/zhao/zhao.vmdl","agents","False","964"
"zombie","agents/maoling/pvz/zombie/zombie.vmdl","agents","False","253"
"zombie basic","agents/models/s2ze/zombie_basic/zombie_basic.vmdl","agents","False","262.7"
"zombie frozen","agents/models/s2ze/zombie_frozen/zombie_frozen.vmdl","agents","False","586.6"
"zundamon","agents/models/hmn_ag2/tohoku_zunko/zundamon/zundamon.vmdl","agents","False","1108.7"
"1","characters/models/s2ze/ms/zombie/1/1.vmdl","characters","False","163.9"
"10000","characters/exg/10000/10000.vmdl","characters","False","3498.2"
"10001","characters/exg/10001/10001.vmdl","characters","False","5571.9"
"10002","characters/exg/10002/10002.vmdl","characters","False","3263.4"
"10003","characters/exg/10003/10003.vmdl","characters","False","4891.7"
"10004","characters/exg/10004/10004.vmdl","characters","False","460.7"
"10005","characters/exg/10005/10005.vmdl","characters","False","2070.7"
"10006","characters/exg/10006/10006.vmdl","characters","False","1297.1"
"10007","characters/exg/10007/10007.vmdl","characters","False","3588.9"
"10008","characters/exg/10008/10008.vmdl","characters","False","6726.5"
"10009","characters/exg/10009/10009.vmdl","characters","False","3680.8"
"10010","characters/exg/10010/10010.vmdl","characters","False","3717"
"10011","characters/exg/10011/10011.vmdl","characters","False","2511"
"10012","characters/exg/10012/10012.vmdl","characters","False","1986.4"
"10013","characters/exg/10013/10013.vmdl","characters","False","1635.5"
"10014","characters/exg/10014/10014.vmdl","characters","False","16386.5"
"10015","characters/exg/10015/10015.vmdl","characters","False","6246.6"
"10016","characters/exg/10016/10016.vmdl","characters","False","5998.8"
"10017","characters/exg/10017/10017.vmdl","characters","False","287.5"
"10018","characters/exg/10018/10018.vmdl","characters","False","2854.2"
"10019","characters/exg/10019/10019.vmdl","characters","False","3021.7"
"10020","characters/exg/10020/10020.vmdl","characters","False","3364.7"
"10021","characters/exg/10021/10021.vmdl","characters","False","2735.8"
"10022","characters/exg/10022/10022.vmdl","characters","False","4548.1"
"10023","characters/exg/10023/10023.vmdl","characters","False","4888.3"
"10024","characters/exg/10024/10024.vmdl","characters","False","4493.7"
"10025","characters/exg/10025/10025.vmdl","characters","False","1042.2"
"10026","characters/exg/10026/10026.vmdl","characters","False","988.7"
"10027","characters/exg/10027/10027.vmdl","characters","False","417.2"
"10028","characters/exg/10028/10028.vmdl","characters","False","77.2"
"10030","characters/exg/10030/10030.vmdl","characters","False","1062.3"
"10031","characters/exg/10031/10031.vmdl","characters","False","1204.6"
"10033","characters/exg/10033/10033.vmdl","characters","False","1967.2"
"10034","characters/exg/10034/10034.vmdl","characters","False","6057.1"
"10035","characters/exg/10035/10035.vmdl","characters","False","5253.4"
"10036","characters/exg/10036/10036.vmdl","characters","False","6340.7"
"10037","characters/exg/10037/10037.vmdl","characters","False","3378.7"
"10039","characters/exg/10039/10039.vmdl","characters","False","807"
"10040","characters/exg/10040/10040.vmdl","characters","False","5411.1"
"10041","characters/exg/10041/10041.vmdl","characters","False","613.2"
"10042","characters/exg/10042/10042.vmdl","characters","False","1620.5"
"10043","characters/exg/10043/10043.vmdl","characters","False","1690.1"
"10044","characters/exg/10044/10044.vmdl","characters","False","2146.2"
"10045","characters/exg/10045/10045.vmdl","characters","False","1909.1"
"10046","characters/exg/10046/10046.vmdl","characters","False","4920.3"
"10047","characters/exg/10047/10047.vmdl","characters","False","1218.5"
"10048","characters/exg/10048/10048.vmdl","characters","False","1321.2"
"10049","characters/exg/10049/10049.vmdl","characters","False","224.6"
"10050","characters/exg/10050/10050.vmdl","characters","False","242.2"
"10051","characters/exg/10051/10051.vmdl","characters","False","615.4"
"10052","characters/exg/10052/10052.vmdl","characters","False","4755.7"
"10053","characters/exg/10053/10053.vmdl","characters","False","2433.2"
"10054","characters/exg/10054/10054.vmdl","characters","False","333.8"
"10055","characters/exg/10055/10055.vmdl","characters","False","1000.9"
"10056","characters/exg/10056/10056.vmdl","characters","False","727.3"
"10057","characters/exg/10057/10057.vmdl","characters","False","187"
"10058","characters/exg/10058/10058.vmdl","characters","False","627.6"
"10059","characters/exg/10059/10059.vmdl","characters","False","1230.8"
"10060","characters/exg/10060/10060.vmdl","characters","False","1105.5"
"10061","characters/exg/10061/10061.vmdl","characters","False","1517.9"
"10062","characters/exg/10062/10062.vmdl","characters","False","654.3"
"10063","characters/exg/10063/10063.vmdl","characters","False","2692.2"
"10064","characters/exg/10064/10064.vmdl","characters","False","652.6"
"10065","characters/exg/10065/10065.vmdl","characters","False","1547.3"
"10066","characters/exg/10066/10066.vmdl","characters","False","2574.3"
"10067","characters/exg/10067/10067.vmdl","characters","False","493.2"
"10068","characters/exg/10068/10068.vmdl","characters","False","674.9"
"10069","characters/exg/10069/10069.vmdl","characters","False","761.2"
"10070","characters/exg/10070/10070.vmdl","characters","False","684.1"
"10071","characters/exg/10071/10071.vmdl","characters","False","3768.5"
"10072","characters/exg/10072/10072.vmdl","characters","False","294.4"
"10073","characters/exg/10073/10073.vmdl","characters","False","1679.9"
"10074","characters/exg/10074/10074.vmdl","characters","False","3049.3"
"10075","characters/exg/10075/10075.vmdl","characters","False","2420.9"
"10076","characters/exg/10076/10076.vmdl","characters","False","1845"
"10077","characters/exg/10077/10077.vmdl","characters","False","1471.6"
"10078","characters/exg/10078/10078.vmdl","characters","False","1283.9"
"10079","characters/exg/10079/10079.vmdl","characters","False","978.8"
"10080","characters/exg/10080/10080.vmdl","characters","False","4624.2"
"10081","characters/exg/10081/10081.vmdl","characters","False","2313.7"
"10082","characters/exg/10082/10082.vmdl","characters","False","3673.9"
"10083","characters/exg/10083/10083.vmdl","characters","False","677.3"
"10084","characters/exg/10084/10084.vmdl","characters","False","504"
"10085","characters/exg/10085/10085.vmdl","characters","False","2114.9"
"10086","characters/exg/10086/10086.vmdl","characters","False","2155.5"
"10087","characters/exg/10087/10087.vmdl","characters","False","5418.1"
"10088","characters/exg/10088/10088.vmdl","characters","False","1232.4"
"10089","characters/exg/10089/10089.vmdl","characters","False","1164.3"
"10090","characters/exg/10090/10090.vmdl","characters","False","2375.6"
"10091","characters/exg/10091/10091.vmdl","characters","False","6082.2"
"10092","characters/exg/10092/10092.vmdl","characters","False","1506.7"
"10093","characters/exg/10093/10093.vmdl","characters","False","550.1"
"10094","characters/exg/10094/10094.vmdl","characters","False","542.2"
"10095","characters/exg/10095/10095.vmdl","characters","False","2432.4"
"10096","characters/exg/10096/10096.vmdl","characters","False","2622.8"
"10097","characters/exg/10097/10097.vmdl","characters","False","5145"
"10098","characters/exg/10098/10098.vmdl","characters","False","979.1"
"10099","characters/exg/10099/10099.vmdl","characters","False","623.5"
"10100","characters/exg/10100/10100.vmdl","characters","False","2253.3"
"10101","characters/exg/10101/10101.vmdl","characters","False","1979"
"10102","characters/exg/10102/10102.vmdl","characters","False","687.6"
"10104","characters/exg/10104/10104.vmdl","characters","False","1859.3"
"10105","characters/exg/10105/10105.vmdl","characters","False","4128.1"
"10106","characters/exg/10106/10106.vmdl","characters","False","2781.5"
"10107","characters/exg/10107/10107.vmdl","characters","False","2018.4"
"10108","characters/exg/10108/10108.vmdl","characters","False","1441.2"
"10109","characters/exg/10109/10109.vmdl","characters","False","613.4"
"10110","characters/exg/10110/10110.vmdl","characters","False","830"
"10111","characters/exg/10111/10111.vmdl","characters","False","475.3"
"10112","characters/exg/10112/10112.vmdl","characters","False","981.9"
"10113","characters/exg/10113/10113.vmdl","characters","False","1588.4"
"10114","characters/exg/10114/10114.vmdl","characters","False","762.2"
"10115","characters/exg/10115/10115.vmdl","characters","False","1563.1"
"10116","characters/exg/10116/10116.vmdl","characters","False","2063.1"
"10117","characters/exg/10117/10117.vmdl","characters","False","4559.8"
"10118","characters/exg/10118/10118.vmdl","characters","False","3946.9"
"10119","characters/exg/10119/10119.vmdl","characters","False","2347.6"
"10120","characters/exg/10120/10120.vmdl","characters","False","3346.2"
"10121","characters/exg/10121/10121.vmdl","characters","False","905.5"
"10122","characters/exg/10122/10122.vmdl","characters","False","480.4"
"10123","characters/exg/10123/10123.vmdl","characters","False","895"
"10124","characters/exg/10124/10124.vmdl","characters","False","54.7"
"10125","characters/exg/10125/10125.vmdl","characters","False","1537.3"
"10126","characters/exg/10126/10126.vmdl","characters","False","2593.7"
"10127","characters/exg/10127/10127.vmdl","characters","False","2084.3"
"10128","characters/exg/10128/10128.vmdl","characters","False","2612.2"
"10129","characters/exg/10129/10129.vmdl","characters","False","667.1"
"10130","characters/exg/10130/10130.vmdl","characters","False","714.8"
"10131","characters/exg/10131/10131.vmdl","characters","False","701.4"
"10132","characters/exg/10132/10132.vmdl","characters","False","1192.7"
"10133","characters/exg/10133/10133.vmdl","characters","False","514.7"
"10134","characters/exg/10134/10134.vmdl","characters","False","4100.7"
"10135","characters/exg/10135/10135.vmdl","characters","False","2826.5"
"10136","characters/exg/10136/10136.vmdl","characters","False","5480"
"10137","characters/exg/10137/10137.vmdl","characters","False","2359.8"
"10138","characters/exg/10138/10138.vmdl","characters","False","1087"
"10139","characters/exg/10139/10139.vmdl","characters","False","2645.8"
"10e violinist player model","characters/models/nozb1/10e_violinist_player_model/10e_violinist_player_model.vmdl","characters","False","633"
"10e violinist player model nohitbox","characters/models/nozb1/10e_violinist_player_model/10e_violinist_player_model_nohitbox.vmdl","characters","False","627.6"
"10e violinist player model nohitbox v2","characters/models/nozb1/10e_violinist_player_model/10e_violinist_player_model_nohitbox_v2.vmdl","characters","False","635.1"
"10e violinist pm arm","characters/models/nozb1/10e_violinist_player_model/10e_violinist_pm_arm.vmdl","characters","True","66"
"2","characters/models/s2ze/ms/zombie/2/2.vmdl","characters","False","209.7"
"2 0011 qin lm low","characters/models/exg/watame/particles/2_0011_qin_lm_low.vmdl","characters","False","26.5"
"2b nier player model","characters/models/nozb1/2b_nier_automata_player_model/2b_nier_player_model.vmdl","characters","False","714.7"
"2b nier player model nohitbox","characters/models/nozb1/2b_nier_automata_player_model/2b_nier_player_model_nohitbox.vmdl","characters","False","707.1"
"2b nier player model nohitbox v2","characters/models/nozb1/2b_nier_automata_player_model/2b_nier_player_model_nohitbox_v2.vmdl","characters","False","717.2"
"2b nier pm arm","characters/models/nozb1/2b_nier_automata_player_model/2b_nier_pm_arm.vmdl","characters","True","148.7"
"3","characters/models/s2ze/ms/zombie/3/3.vmdl","characters","False","233.4"
"4","characters/models/s2ze/ms/zombie/4/4.vmdl","characters","False","217.4"
"4","characters/models/upkk/vsinger/particles/materials/4.vmdl","characters","False","4.8"
"93xpolice","characters/models/police/93xpolice.vmdl","characters","False","232.2"
"adult neptune player model","characters/models/nozb1/adult_neptune_player_model/adult_neptune_player_model.vmdl","characters","False","299.6"
"adult neptune pm arm","characters/models/nozb1/adult_neptune_player_model/adult_neptune_pm_arm.vmdl","characters","True","115.2"
"aima","characters/models/aima/aima.vmdl","characters","False","1715.8"
"aimesh","characters/models/upkk/aimesh/aimesh.vmdl","characters","False","492.7"
"aimesh arm","characters/models/upkk/aimesh/aimesh_arm.vmdl","characters","True","55.4"
"aimesh nohitbox","characters/models/upkk/aimesh/aimesh_nohitbox.vmdl","characters","False","491.6"
"aini","characters/models/exg/oxygen/edmundd/aini.vmdl","characters","False","1567"
"airi","characters/models/airi/airi.vmdl","characters","False","2115.5"
"airi danzai","characters/models/exg/chrisan/airi_danzai/airi_danzai.vmdl","characters","False","2985.5"
"airi dreaming","characters/models/exg/chrisan/airi_dreaming/airi_dreaming.vmdl","characters","False","2504"
"airi maid","characters/models/exg/chrisan/airi_maid/airi_maid.vmdl","characters","False","2820.5"
"airi solomon","characters/models/exg/chrisan/airi_solomon/airi_solomon.vmdl","characters","False","3203.2"
"aisaka taiga","characters/models/aisaka_taiga/aisaka_taiga.vmdl","characters","False","309.1"
"akame","characters/models/upkk/akame/akame.vmdl","characters","False","142"
"akame arm","characters/models/upkk/akame/akame_arm.vmdl","characters","True","27.5"
"akame nohitbox","characters/models/upkk/akame/akame_nohitbox.vmdl","characters","False","140.9"
"akame v1 arms prefab","characters/models/hlym/akame_v1/akame_v1_arms_prefab.vmdl","characters","True","31.3"
"akame v1 prefab","characters/models/hlym/akame_v1/akame_v1_prefab.vmdl","characters","False","140.6"
"akame v1 prefab nohitbox","characters/models/hlym/akame_v1/akame_v1_prefab_nohitbox.vmdl","characters","False","139.8"
"alice","characters/models/alice_note/alice.vmdl","characters","False","1250.6"
"alice","characters/models/alice/alice.vmdl","characters","False","1919.9"
"alice mana","characters/models/keung/alice_mana/alice_mana.vmdl","characters","False","452.9"
"alice mana arms","characters/models/keung/alice_mana/alice_mana_arms.vmdl","characters","True","55.9"
"alice q","characters/models/alice_ba/alice_q.vmdl","characters","False","378.5"
"alice sk2model","characters/models/hmn_sk2/nikke/alice/alice_sk2model.vmdl","characters","False","1078.1"
"alice sk2modelarm","characters/models/hmn_sk2/nikke/alice/alice_sk2modelarm.vmdl","characters","False","387.1"
"alice thy","characters/models/aquaz/hoshistar/alice_thy/alice_thy.vmdl","characters","False","3480.9"
"alice v1","characters/models/keung/alice_v1/alice_v1.vmdl","characters","False","595.6"
"alice v1 arm","characters/models/keung/alice_v1/alice_v1_arm.vmdl","characters","True","87.3"
"aliya arms prefab","characters/models/hlym/aliya/aliya_arms_prefab.vmdl","characters","True","149.9"
"aliya prefab","characters/models/hlym/aliya/aliya_prefab.vmdl","characters","False","458.7"
"allen","characters/models/allen/allen.vmdl","characters","False","1049.6"
"alq","characters/flux/alq/alq.vmdl","characters","False","508"
"alq arms","characters/flux/alq/alq_arms.vmdl","characters","True","81.1"
"aluona","characters/models/aluona/aluona.vmdl","characters","False","1991.5"
"alxyyy","characters/flux/alxyyy/alxyyy.vmdl","characters","False","569.8"
"alxyyy arms","characters/flux/alxyyy/alxyyy_arms.vmdl","characters","True","70"
"alyayz","characters/flux/alyayz/alyayz.vmdl","characters","False","433.6"
"alyayz arms","characters/flux/alyayz/alyayz_arms.vmdl","characters","True","70.8"
"amamiya","characters/models/exg/amamiya/amamiya.vmdl","characters","False","2253.9"
"amamiya kokoro","characters/models/aquaz/hoshistar/amamiya_kokoro/amamiya_kokoro.vmdl","characters","False","2120.8"
"amamiya kokoro","characters/models/upkk/amamiya_kokoro/amamiya_kokoro.vmdl","characters","False","489"
"amamiya kokoro arm","characters/models/upkk/amamiya_kokoro/amamiya_kokoro_arm.vmdl","characters","True","135.3"
"amamiya kokoro cloth1 nohitbox","characters/models/amamiya_kokoro/amamiya_kokoro_cloth1_nohitbox.vmdl","characters","False","1602.1"
"amamiya kokoro cloth2 nohitbox","characters/models/amamiya_kokoro/amamiya_kokoro_cloth2_nohitbox.vmdl","characters","False","1081.9"
"amber player model","characters/models/nozb1/amber_player_model/amber_player_model.vmdl","characters","False","295.6"
"amber pm arm","characters/models/nozb1/amber_player_model/amber_pm_arm.vmdl","characters","True","68.5"
"among us arm","characters/models/nozb1/among_us_player_model/among_us_arm.vmdl","characters","True","60.1"
"among us player model","characters/models/nozb1/among_us_player_model/among_us_player_model.vmdl","characters","False","213.2"
"among us player model nohitbox","characters/models/nozb1/among_us_player_model/among_us_player_model_nohitbox.vmdl","characters","False","210.8"
"amongus","characters/models/keung/amongus/amongus.vmdl","characters","False","182.1"
"amongus arms","characters/models/keung/amongus/amongus_arms.vmdl","characters","True","1.7"
"ams mm","characters/models/aquaz/hoshistar/ams_mm/ams_mm.vmdl","characters","False","2537.1"
"angela","characters/models/upkk/angela_balzac/angela.vmdl","characters","False","1687.6"
"angela arm","characters/models/upkk/angela_balzac/angela_arm.vmdl","characters","True","385.5"
"angela nohitbox","characters/models/upkk/angela_balzac/angela_nohitbox.vmdl","characters","False","1686.5"
"anke","characters/models/cs2ze/anke/anke.vmdl","characters","False","5190.3"
"anke","characters/models/exg/chrisan/anke/anke.vmdl","characters","False","691.1"
"ankeleiqi","characters/models/ankeleiqi/ankeleiqi.vmdl","characters","False","1025.3"
"anomea star conductor","characters/models/anomea/cloth4/anomea_star_conductor.vmdl","characters","False","2225.1"
"anomea starlight","characters/models/anomea/cloth4/anomea_starlight.vmdl","characters","False","2364.6"
"anon","characters/models/exg/ruiyiwelkin/anon_chihaya/anon.vmdl","characters","False","2354"
"anon","characters/models/upkk/anon/anon.vmdl","characters","False","1156.2"
"anon arms","characters/models/upkk/anon/anon_arms.vmdl","characters","True","111.5"
"anon nohitbox","characters/models/upkk/anon/anon_nohitbox.vmdl","characters","False","1149.3"
"aphrodite","characters/flux/aphrodite/aphrodite.vmdl","characters","False","280.6"
"aphrodite dummy","characters/flux/aphrodite/aphrodite_dummy.vmdl","characters","False","707"
"aqua formula","characters/models/aquaz/hoshistar/aqua_formula/aqua_formula.vmdl","characters","False","1730.6"
"aquaarms","characters/models/minatoaqua/aquaarms.vmdl","characters","False","90.1"
"aquamaoer","characters/models/aquamaoer/aquamaoer.vmdl","characters","False","1780.3"
"aquamaoer arms","characters/models/aquamaoer/arms/aquamaoer_arms.vmdl","characters","True","110.7"
"aquaz lily","characters/models/aquaz/hoshistar/aquaz_lily/aquaz_lily.vmdl","characters","False","9127.6"
"aquaz sancta","characters/models/aquaz/hoshistar/aquaz_sancta/aquaz_sancta.vmdl","characters","False","11408"
"aris","characters/models/exg/tendo_aris/aris.vmdl","characters","False","466.6"
"aris maid","characters/models/exg/sd_aris_maid/aris_maid.vmdl","characters","False","468.6"
"arknights w","characters/models/exg/bot04/arknights_w/arknights_w.vmdl","characters","False","1401.9"
"arm","characters/models/upkk/bachongying/arm.vmdl","characters","True","116.7"
"arm","characters/models/upkk/byd_cat/arona/arm.vmdl","characters","True","304"
"arm","characters/models/upkk/byd_cat/arrested/arm.vmdl","characters","True","189.4"
"arm","characters/models/upkk/byd_cat/c1/arm.vmdl","characters","True","269.9"
"arm","characters/models/upkk/byd_cat/kuronyam/arm.vmdl","characters","True","251.8"
"arm","characters/models/upkk/byd_cat/marshmallow/materials/arm.vmdl","characters","True","354.6"
"arm","characters/models/upkk/byd_cat/rabbit/arm.vmdl","characters","True","286.3"
"arm","characters/models/upkk/byd_cat/sweater/arm.vmdl","characters","True","265.7"
"arm","characters/models/upkk/byd_cat/taihou/arm.vmdl","characters","True","148.7"
"arm","characters/models/upkk/byd_cat/tomorrow/arm.vmdl","characters","True","280.1"
"arm","characters/models/upkk/byd_cat/urban_maya/arm.vmdl","characters","True","321"
"arm","characters/models/upkk/byd_cat/veil/arm.vmdl","characters","True","172.6"
"arm","characters/models/upkk/implacable/arm.vmdl","characters","True","568.2"
"arm","characters/models/upkk/kiana_singer/arm.vmdl","characters","True","332.6"
"arm","characters/models/upkk/kim_haku/arm.vmdl","characters","True","146.6"
"arms","characters/models/bkh/arms.vmdl","characters","True","224.5"
"arms","characters/models/feibi/arms.vmdl","characters","True","117.9"
"arms","characters/models/jiuwei/arms.vmdl","characters","True","213.3"
"arms","characters/models/kyaru/arms.vmdl","characters","True","185.7"
"arms","characters/models/lyphos/arms.vmdl","characters","True","121.4"
"arms","characters/models/mana/cloth2/arms.vmdl","characters","True","129.7"
"arms","characters/models/marisa/xlt/arms.vmdl","characters","True","115.7"
"arms","characters/models/mary/cloth4/arms.vmdl","characters","True","450.6"
"arms","characters/models/miku/10th/tex/arms.vmdl","characters","True","176.9"
"arms","characters/models/nacho_neko/arms.vmdl","characters","True","44.6"
"arms","characters/models/police/arms.vmdl","characters","True","150.2"
"arms","characters/models/public_girlhands/arms.vmdl","characters","True","73.7"
"arms","characters/models/reisalin/arms.vmdl","characters","True","68.9"
"arms","characters/models/shanoa/arms.vmdl","characters","True","85.7"
"arms","characters/models/upkk/byd_cat/nekomimi/arms.vmdl","characters","True","412.4"
"arms","characters/models/upkk/eyjafjalla/arms.vmdl","characters","True","171"
"arms","characters/models/upkk/haku_school/arms.vmdl","characters","True","142.1"
"arms","characters/models/upkk/hakurei_reimu/arms.vmdl","characters","True","121.2"
"arms","characters/models/upkk/jiuwei/arms.vmdl","characters","True","183.6"
"arms","characters/models/upkk/keli/arms.vmdl","characters","True","88.6"
"arms","characters/models/upkk/maid_maya/arms.vmdl","characters","True","157.6"
"arms","characters/models/upkk/maid_moe/arms.vmdl","characters","True","270.3"
"arms","characters/models/upkk/maid_shinano/arms.vmdl","characters","True","304.1"
"arms","characters/models/upkk/maki/arms.vmdl","characters","True","181.7"
"arms","characters/models/upkk/miku_orange_blossom/arms.vmdl","characters","True","173.4"
"arms","characters/models/upkk/milltina/arms.vmdl","characters","True","240.9"
"arms","characters/models/upkk/molana/arms.vmdl","characters","True","74.5"
"arms","characters/models/upkk/nyao_mao/arms.vmdl","characters","True","282.4"
"arms","characters/models/upkk/origami/arms.vmdl","characters","True","131"
"arms","characters/models/upkk/snow_v1/arms.vmdl","characters","True","47.5"
"arms","characters/models/upkk/vsinger/arms.vmdl","characters","True","444.9"
"arms","characters/models/upkk/xier_summer/arms.vmdl","characters","True","194.6"
"arms","characters/models/upkk/yamakaze/arms.vmdl","characters","True","70.8"
"arms","characters/models/upkk/yuexia_huajia/arms.vmdl","characters","True","211.1"
"arms 1","characters/models/upkk/snow_v1/arms_1.vmdl","characters","True","49.7"
"arms gf2 faye def","characters/models/toppi/gf2/c_gf2_faye_def/submodels/arms_gf2_faye_def.vmdl","characters","True","113.3"
"arms gf2 peri def","characters/models/toppi/gf2/c_gf2_peri_def/submodels/arms_gf2_peri_def.vmdl","characters","True","181.2"
"arms gf2 springfield def","characters/models/toppi/gf2/c_gf2_springfield_def/submodels/arms_gf2_springfield_def.vmdl","characters","True","217.1"
"arms nonail","characters/models/public_girlhands/arms_nonail.vmdl","characters","True","63.2"
"arms1","characters/models/public_girlhands/arms1.vmdl","characters","False","73.7"
"arms1","characters/models/yamakaze/arms1.vmdl","characters","False","138.5"
"arms1 o orange","characters/models/public_girlhands/arms1_o_orange.vmdl","characters","False","73.7"
"arms1 pink","characters/models/public_girlhands/arms1_pink.vmdl","characters","False","73.7"
"arms2","characters/models/public_girlhands/arms2.vmdl","characters","False","69.4"
"arms3","characters/models/public_girlhands/arms3.vmdl","characters","False","67.4"
"arms3 cyan","characters/models/public_girlhands/arms3_cyan.vmdl","characters","False","67.4"
"arms3 pink","characters/models/public_girlhands/arms3_pink.vmdl","characters","False","67.4"
"arms3 pink red","characters/models/public_girlhands/arms3_pink_red.vmdl","characters","False","67.4"
"arona","characters/models/arona/arona.vmdl","characters","False","1938.9"
"arona","characters/models/upkk/byd_cat/arona/arona.vmdl","characters","False","1143.5"
"arona nohitbox","characters/models/upkk/byd_cat/arona/arona_nohitbox.vmdl","characters","False","1142.4"
"arrested","characters/models/upkk/byd_cat/arrested/arrested.vmdl","characters","False","1160.1"
"arrested nohitbox","characters/models/upkk/byd_cat/arrested/arrested_nohitbox.vmdl","characters","False","1159"
"artemis","characters/models/artemis/artemis.vmdl","characters","False","289.6"
"artoria pendragon alter1","characters/models/exg/bot04/artoria_pendragon_alter/artoria_pendragon_alter1.vmdl","characters","False","819"
"aru","characters/models/exg/aru/aru.vmdl","characters","False","459.5"
"aru","characters/models/upkk/aru/aru.vmdl","characters","False","955.2"
"aru arms","characters/models/upkk/aru/aru_arms.vmdl","characters","True","114.5"
"aru nothitbox","characters/models/upkk/aru/aru_nothitbox.vmdl","characters","False","953.4"
"arya","characters/models/upkk/arya/arya.vmdl","characters","False","734.7"
"arya arm","characters/models/upkk/arya/arya_arm.vmdl","characters","True","100.9"
"arya nohitbox","characters/models/upkk/arya/arya_nohitbox.vmdl","characters","False","733.6"
"asagi","characters/models/exg/asagi/asagi.vmdl","characters","False","436.9"
"asuna","characters/models/exg/asuna/asuna.vmdl","characters","False","814.2"
"asuna","characters/models/exg/ruiyiwelkin/asuna/asuna.vmdl","characters","False","1229"
"attilio regolo","characters/models/exg/ruiyiwelkin/al_attilio_regolo/attilio_regolo.vmdl","characters","False","2875.2"
"axe","characters/models/exg/qiliu/particle_kill/longdan/models/axe.vmdl","characters","False","65.4"
"axis arms","characters/models/oylsister/template/correct_axis/axis_arms.vmdl","characters","True","3.3"
"axis template","characters/models/oylsister/template/correct_axis/axis_template.vmdl","characters","False","27.9"
"aya","characters/models/aya/aya.vmdl","characters","False","885.9"
"ayaka","characters/maoling/genshin_impact/ayaka/normal/ayaka.vmdl","characters","False","659.4"
"ayaka arms","characters/maoling/genshin_impact/ayaka/normal/arms/ayaka_arms.vmdl","characters","True","125.1"
"ayane","characters/models/exg/sd_ayane/ayane.vmdl","characters","False","426.9"
"aybb","characters/models/exg/mmy/jsmx/2/aybb.vmdl","characters","False","148.4"
"b2","characters/models/b2/b2.vmdl","characters","False","877.4"
"ba mari little","characters/models/exg/ruiyiwelkin/ba_mari_little/ba_mari_little.vmdl","characters","False","2182.8"
"babala","characters/flux/babala/babala.vmdl","characters","False","386.1"
"babala arms","characters/flux/babala/babala_arms.vmdl","characters","True","60.3"
"bachongying","characters/models/bachongying/bachongying.vmdl","characters","False","954.4"
"bachongying","characters/models/upkk/bachongying/bachongying.vmdl","characters","False","603.8"
"bachongying arms","characters/models/bachongying/arms/bachongying_arms.vmdl","characters","True","129.5"
"bachongying nohitbox","characters/models/upkk/bachongying/bachongying_nohitbox.vmdl","characters","False","600.9"
"bacopa","characters/models/bacopa/bacopa.vmdl","characters","False","1299.2"
"bahamut","characters/models/aquaz/hoshistar/bahamut/bahamut.vmdl","characters","False","132.1"
"baisha","characters/models/upkk/baisha/baisha.vmdl","characters","False","1255.3"
"baisha arms","characters/models/upkk/baisha/baisha_arms.vmdl","characters","True","113.9"
"baisha nohitbox","characters/models/upkk/baisha/baisha_nohitbox.vmdl","characters","False","1254.2"
"baizhouxin","characters/models/cs2ze/baizhouxin/baizhouxin.vmdl","characters","False","1517.9"
"banana","characters/models/aquaz/hoshistar/banana/banana.vmdl","characters","False","100.2"
"banana joe","characters/models/keung/banana_joe/banana_joe.vmdl","characters","False","87.6"
"banana joe arms","characters/models/keung/banana_joe/banana_joe_arms.vmdl","characters","True","13.1"
"batman","characters/models/keung/batman/batman.vmdl","characters","False","1622.5"
"batman arms","characters/models/keung/batman/batman_arms.vmdl","characters","True","349.6"
"bayun","characters/models/bayun/bayun.vmdl","characters","False","1492.5"
"bcsz arms prefab","characters/models/hlym/bcsz/bcsz_arms_prefab.vmdl","characters","True","92.3"
"bcsz prefab","characters/models/hlym/bcsz/bcsz_prefab.vmdl","characters","False","479.7"
"beelzebul","characters/flux/beelzebul/beelzebul.vmdl","characters","False","280.6"
"beelzebul","characters/maoling/genshin_impact/beelzebul/normal/beelzebul.vmdl","characters","False","584"
"beelzebul arms","characters/maoling/genshin_impact/beelzebul/normal/arms/beelzebul_arms.vmdl","characters","True","232"
"beelzebul dummy","characters/flux/beelzebul/beelzebul_dummy.vmdl","characters","False","498"
"beiliya","characters/models/beiliya/beiliya.vmdl","characters","False","241.2"
"belial","characters/models/aquaz/hoshistar/belial/belial.vmdl","characters","False","145"
"ber","characters/flux/ber/ber.vmdl","characters","False","144.5"
"bercelina","characters/models/aquaz/hoshistar/bercelina/bercelina.vmdl","characters","False","2667.2"
"bfluka","characters/models/upkk/bfluka/bfluka.vmdl","characters","False","365.5"
"bfluka arm","characters/models/upkk/bfluka/bfluka_arm.vmdl","characters","True","106.7"
"bfluka nohitbox","characters/models/upkk/bfluka/bfluka_nohitbox.vmdl","characters","False","364.4"
"big herta","characters/models/exg/big_herta/big_herta.vmdl","characters","False","1067.2"
"bikini","characters/models/senae/bikini.vmdl","characters","False","1058.6"
"bkh","characters/models/bkh/bkh.vmdl","characters","False","996.9"
"bkh nohitbox","characters/models/bkh/bkh_nohitbox.vmdl","characters","False","992.1"
"black","characters/models/cirno/black/black.vmdl","characters","False","1313.3"
"black rock shooter arms prefab","characters/models/hlym/black_rock_shooter/black_rock_shooter_arms_prefab.vmdl","characters","True","45.8"
"black rock shooter prefab","characters/models/hlym/black_rock_shooter/black_rock_shooter_prefab.vmdl","characters","False","527.2"
"blue","characters/models/daniya/blue.vmdl","characters","False","2132.8"
"blue","characters/models/jiuhu/blue.vmdl","characters","False","397.8"
"bronia","characters/models/upkk/bronia/bronia.vmdl","characters","False","415.1"
"bronia arms","characters/models/upkk/bronia/bronia_arms.vmdl","characters","True","75.8"
"bronia nohitbox","characters/models/upkk/bronia/bronia_nohitbox.vmdl","characters","False","414"
"bronya","characters/maoling/honkai_impact/bronya/eva/bronya.vmdl","characters","False","812.4"
"bronya","characters/models/exg/ruiyiwelkin/bronya/bronya.vmdl","characters","False","3303.3"
"bronya arms","characters/maoling/honkai_impact/bronya/eva/arms/bronya_arms.vmdl","characters","True","95.4"
"bronya silverwings","characters/models/kianya/honkai/bronya_silverwings/bronya_silverwings.vmdl","characters","False","875.4"
"bronya silverwings arms","characters/models/kianya/honkai/bronya_silverwings/bronya_silverwings_arms.vmdl","characters","True","95.1"
"bulaner","characters/models/ub/bulaner/bulaner.vmdl","characters","False","2036.5"
"bulaner arm","characters/models/ub/bulaner/bulaner_arm.vmdl","characters","True","339.7"
"busit","characters/models/upkk/busit/busit.vmdl","characters","False","403.3"
"busit arm","characters/models/upkk/busit/busit_arm.vmdl","characters","True","184.7"
"busit nohitbox","characters/models/upkk/busit/busit_nohitbox.vmdl","characters","False","402.1"
"c 1","characters/models/2en0w/exg_2dlod/c_1.vmdl","characters","False","49.9"
"c gf2 faye def","characters/models/toppi/gf2/c_gf2_faye_def.vmdl","characters","False","2041"
"c gf2 faye def nohbox","characters/models/toppi/gf2/c_gf2_faye_def_nohbox.vmdl","characters","False","2040.2"
"c gf2 peri def","characters/models/toppi/gf2/c_gf2_peri_def.vmdl","characters","False","3027"
"c gf2 peri def nohbox","characters/models/toppi/gf2/c_gf2_peri_def_nohbox.vmdl","characters","False","3026.3"
"c gf2 springfield def","characters/models/toppi/gf2/c_gf2_springfield_def.vmdl","characters","False","3640.8"
"c gf2 springfield def nohbox","characters/models/toppi/gf2/c_gf2_springfield_def_nohbox.vmdl","characters","False","3640.1"
"c1","characters/models/upkk/byd_cat/c1/c1.vmdl","characters","False","1249.3"
"c1 nohitbox","characters/models/upkk/byd_cat/c1/c1_nohitbox.vmdl","characters","False","1248.3"
"caged bird","characters/models/caged_bird/caged_bird.vmdl","characters","False","3506.8"
"camellya","characters/flux/camellya/normal/camellya.vmdl","characters","False","280.6"
"camellya","characters/maoling/wuthering_waves/camellya/normal/camellya.vmdl","characters","False","852.7"
"camellya","characters/models/upkk/camellya/camellya.vmdl","characters","False","853.2"
"camellya arm","characters/models/upkk/camellya/camellya_arm.vmdl","characters","True","95.3"
"camellya arms","characters/maoling/wuthering_waves/camellya/normal/arms/camellya_arms.vmdl","characters","True","160.9"
"camellya dummy","characters/flux/camellya/normal/camellya_dummy.vmdl","characters","False","734.5"
"camellya nohitbox","characters/models/upkk/camellya/camellya_nohitbox.vmdl","characters","False","852.2"
"cantarella","characters/maoling/wuthering_waves/cantarella/normal/cantarella.vmdl","characters","False","873.5"
"cantarella","characters/models/aquaz/hoshistar/cantarella/cantarella.vmdl","characters","False","1212.4"
"cantarella","characters/models/koharu/wuwa/cantarella/cantarella.vmdl","characters","False","4150.6"
"cantarella arms","characters/maoling/wuthering_waves/cantarella/normal/arms/cantarella_arms.vmdl","characters","True","181"
"cantarella arms","characters/models/koharu/wuwa/cantarella/cantarella_arms.vmdl","characters","True","282.4"
"capootime","characters/models/exg/capootime/capootime.vmdl","characters","False","2420.9"
"cartethyia","characters/maoling/wuthering_waves/cartethyia/normal/cartethyia.vmdl","characters","False","821.5"
"cartethyia arms","characters/maoling/wuthering_waves/cartethyia/normal/arms/cartethyia_arms.vmdl","characters","True","190.1"
"castorice","characters/maoling/star_rail/castorice/normal/castorice.vmdl","characters","False","905.4"
"castorice arms","characters/maoling/star_rail/castorice/normal/arms/castorice_arms.vmdl","characters","True","133.8"
"cat","characters/models/manuka/cat/cat.vmdl","characters","False","1554.3"
"cat aqua","characters/models/upkk/cat_aqua/cat_aqua.vmdl","characters","False","466.8"
"cat aqua arm","characters/models/upkk/cat_aqua/cat_aqua_arm.vmdl","characters","True","92.7"
"cat aqua nohitbox","characters/models/upkk/cat_aqua/cat_aqua_nohitbox.vmdl","characters","False","465.6"
"cat father","characters/models/exg/ruiyiwelkin/cat_father/cat_father.vmdl","characters","False","294.4"
"ccd","characters/flux/ccd/ccd.vmdl","characters","False","225.3"
"ccd arms","characters/flux/ccd/ccd_arms.vmdl","characters","True","41.1"
"changli","characters/models/exg/chrisan/changli/changli.vmdl","characters","False","2336.5"
"charlotte player model","characters/models/nozb1/charlotte_player_model/charlotte_player_model.vmdl","characters","False","478.7"
"charlotte pm arm","characters/models/nozb1/charlotte_player_model/charlotte_pm_arm.vmdl","characters","True","92.8"
"charple","characters/models/exg/charple/charple.vmdl","characters","False","167.5"
"cheeta","characters/models/upkk/cheeta/cheeta.vmdl","characters","False","1141.7"
"cheeta arm","characters/models/upkk/cheeta/cheeta_arm.vmdl","characters","True","77.6"
"cheeta nohitbox","characters/models/upkk/cheeta/cheeta_nohitbox.vmdl","characters","False","1140.6"
"chen","characters/models/chen/chen.vmdl","characters","False","452.1"
"cheongsam","characters/models/bailang/cheongsam.vmdl","characters","False","1430.4"
"cheshire","characters/models/upkk/cheshire/cheshire.vmdl","characters","False","1790.8"
"cheshire arm","characters/models/upkk/cheshire/cheshire_arm.vmdl","characters","True","266.3"
"cheshire nohitbox","characters/models/upkk/cheshire/cheshire_nohitbox.vmdl","characters","False","1789.7"
"chieri","characters/models/upkk/chieri/chieri.vmdl","characters","False","2151.3"
"chieri arms","characters/models/upkk/chieri/chieri_arms.vmdl","characters","True","62.2"
"chieri nohitbox","characters/models/upkk/chieri/chieri_nohitbox.vmdl","characters","False","2150.5"
"chiffon","characters/models/aquaz/hoshistar/chiffon/chiffon.vmdl","characters","False","2373"
"chiffon","characters/models/cs2ze/chiffon/chiffon.vmdl","characters","False","4244.4"
"chiffon","characters/models/upkk/chiffon/chiffon.vmdl","characters","False","891.8"
"chiffon arm","characters/models/upkk/chiffon/chiffon_arm.vmdl","characters","True","168.4"
"chiffon azure","characters/models/kianya/vrc/chiffon_azure/chiffon_azure.vmdl","characters","False","1940.2"
"chiffon azure arms","characters/models/kianya/vrc/chiffon_azure/chiffon_azure_arms.vmdl","characters","True","186.2"
"chiffon coaster","characters/models/exg/nimiki/chiffon_coaster/chiffon_coaster.vmdl","characters","False","4423.7"
"chiffon fox","characters/models/chiffon_fox/chiffon_fox.vmdl","characters","False","3381.7"
"chiffon marshmallow","characters/models/kianya/vrc/chiffon_marshmallow/chiffon_marshmallow.vmdl","characters","False","5702.4"
"chiffon marshmallow arms","characters/models/kianya/vrc/chiffon_marshmallow/chiffon_marshmallow_arms.vmdl","characters","True","293.2"
"chiffon neko","characters/models/chiffon_neko/chiffon_neko.vmdl","characters","False","1337.5"
"chiffon nekotenshi","characters/kianya/vrc/chiffon_nekotenshi/chiffon_nekotenshi.vmdl","characters","False","2807.5"
"chiffon nekotenshi arms","characters/kianya/vrc/chiffon_nekotenshi/chiffon_nekotenshi_arms.vmdl","characters","True","196.6"
"chiffon nimiki","characters/models/chiffon_neko/nimiki/chiffon_nimiki.vmdl","characters","False","2277.8"
"chiffon nimiki","characters/models/chiffon/chiffon_nimiki.vmdl","characters","False","1854.7"
"chiffon nohitbox","characters/models/upkk/chiffon/chiffon_nohitbox.vmdl","characters","False","890.7"
"chiffon star dust","characters/models/exg/ruiyiwelkin/chiffon_star_dust/chiffon_star_dust.vmdl","characters","False","3942.5"
"chihiro","characters/models/exg/chihiro/chihiro.vmdl","characters","False","500.9"
"chiikawa","characters/models/exg/chiikawa/chiikawa.vmdl","characters","False","543.9"
"chikari","characters/models/chikari/chikari.vmdl","characters","False","2561.7"
"chisato","characters/models/exg/chisato/chisato.vmdl","characters","False","2238.4"
"chisato sk2model","characters/models/hmn_sk2/lycoris_recoil/chisato/chisato_sk2model.vmdl","characters","False","795.7"
"chisato sk2modelarm","characters/models/hmn_sk2/lycoris_recoil/chisato/chisato_sk2modelarm.vmdl","characters","False","122.8"
"chloe sk2model","characters/models/hmn_sk2/vtuber/chloe/chloe_sk2model.vmdl","characters","False","1063"
"chloe sk2modelarm","characters/models/hmn_sk2/vtuber/chloe/chloe_sk2modelarm.vmdl","characters","False","115.7"
"choco","characters/models/upkk/choco/choco.vmdl","characters","False","538.8"
"choco arm","characters/models/upkk/choco/choco_arm.vmdl","characters","True","107.5"
"choco nohitbox","characters/models/upkk/choco/choco_nohitbox.vmdl","characters","False","537.7"
"chocola","characters/models/keung/chocola/chocola.vmdl","characters","False","572.5"
"chocola arms","characters/models/keung/chocola/chocola_arms.vmdl","characters","True","80.6"
"chocola player model","characters/models/nozb1/chocola_player_model/chocola_player_model.vmdl","characters","False","800.8"
"chocola pm arm","characters/models/nozb1/chocola_player_model/chocola_pm_arm.vmdl","characters","True","128.3"
"chocolat","characters/models/chocolat/chocolat.vmdl","characters","False","7016.7"
"chocolat","characters/models/upkk/chocolat/chocolat.vmdl","characters","False","2029.6"
"chocolat arms","characters/models/upkk/chocolat/chocolat_arms.vmdl","characters","True","163.7"
"chocolat nohitbox","characters/models/upkk/chocolat/chocolat_nohitbox.vmdl","characters","False","2028.8"
"chocolate","characters/models/aquaz/hoshistar/chocolate/chocolate.vmdl","characters","False","1749.3"
"chocolate","characters/models/upkk/chocolate/chocolate.vmdl","characters","False","2927.2"
"chocolate arms","characters/models/upkk/chocolate/chocolate_arms.vmdl","characters","True","173.5"
"chocolate milk","characters/models/aquaz/hoshistar/chocolate_milk/chocolate_milk.vmdl","characters","False","4091"
"choi arms prefab","characters/models/hlym/choi/choi_arms_prefab.vmdl","characters","True","70.2"
"choi prefab","characters/models/hlym/choi/choi_prefab.vmdl","characters","False","317.7"
"chris walker","characters/models/s2ze/chris_walker/chris_walker.vmdl","characters","False","233.8"
"chris walker arms","characters/models/s2ze/chris_walker/chris_walker_arms.vmdl","characters","True","51.4"
"chris zombie","characters/models/shared/zombies/chris_zombie.vmdl","characters","False","280.1"
"chunyuanxinnai","characters/models/chunyuanxinnai/chunyuanxinnai.vmdl","characters","False","1260.6"
"chuyin","characters/models/exg/aili/chuyin/chuyin.vmdl","characters","False","1496.2"
"ciel","characters/models/aquaz/hoshistar/ciel/ciel.vmdl","characters","False","1538.7"
"ciel","characters/models/ciel/ciel.vmdl","characters","False","929.7"
"cirno","characters/models/cirno/cirno.vmdl","characters","False","762.8"
"cirno","characters/models/cirno/miy/cirno.vmdl","characters","False","643.6"
"cirno","characters/models/little/cirno.vmdl","characters","False","1118.6"
"CJ","characters/models/exg/mmy/gta1/CJ.vmdl","characters","False","180.9"
"cj","characters/models/nuclearsilo/gta/cj/cj.vmdl","characters","False","96.9"
"cj nohitbox","characters/models/nuclearsilo/gta/cj/cj_nohitbox.vmdl","characters","False","94.9"
"class d","characters/models/kaesar/hoshistar/class_d/class_d.vmdl","characters","False","218"
"cloth1","characters/models/anomea/cloth1.vmdl","characters","False","1741"
"cloth1","characters/models/karin/cloth1.vmdl","characters","False","1020.2"
"cloth1","characters/models/kotori/cloth1.vmdl","characters","False","633.5"
"cloth1","characters/models/lily/cloth1.vmdl","characters","False","1039.4"
"cloth1","characters/models/manuka/cloth1.vmdl","characters","False","1148.5"
"cloth1","characters/models/moe/cloth1.vmdl","characters","False","1039.2"
"cloth1","characters/models/pendragon/cloth1.vmdl","characters","False","1079.2"
"cloth1","characters/models/ray_ared/cloth1.vmdl","characters","False","957.8"
"cloth1","characters/models/reimu/cloth1.vmdl","characters","False","984.8"
"cloth1","characters/models/rindo/cloth1.vmdl","characters","False","1864.7"
"cloth1","characters/models/tohka/cloth1.vmdl","characters","False","509.2"
"cloth1","characters/models/yueyaoyehua/cloth1.vmdl","characters","False","2272.8"
"cloth1","characters/models/yutu/cloth1.vmdl","characters","False","1489.6"
"cloth1 nohitbox","characters/models/marisa/xlt/cloth1_nohitbox.vmdl","characters","False","998.6"
"cloth2","characters/models/airi/cloth2.vmdl","characters","False","2580.8"
"cloth2","characters/models/anomea/cloth2.vmdl","characters","False","1286.4"
"cloth2","characters/models/chiffon_neko/cloth2/cloth2.vmdl","characters","False","2389.5"
"cloth2","characters/models/eku/cloth2.vmdl","characters","False","1542.5"
"cloth2","characters/models/imaizumi_kagerou/cloth2.vmdl","characters","False","1020.6"
"cloth2","characters/models/karin/cloth2.vmdl","characters","False","1558.9"
"cloth2","characters/models/kotori/cloth2.vmdl","characters","False","604"
"cloth2","characters/models/lazuli/cloth2.vmdl","characters","False","1129"
"cloth2","characters/models/lily/cloth2.vmdl","characters","False","1039.4"
"cloth2","characters/models/machit/cloth2/cloth2.vmdl","characters","False","471.3"
"cloth2","characters/models/manuka/cloth2.vmdl","characters","False","1761.1"
"cloth2","characters/models/marisa/xlt/cloth2.vmdl","characters","False","825.4"
"cloth2","characters/models/mary/cloth2/cloth2.vmdl","characters","False","928.5"
"cloth2","characters/models/moe/cloth2.vmdl","characters","False","1263.8"
"cloth2","characters/models/monai/cloth2.vmdl","characters","False","1999.1"
"cloth2","characters/models/pendragon/cloth2.vmdl","characters","False","890.6"
"cloth2","characters/models/ray_ared/cloth2.vmdl","characters","False","830.9"
"cloth2","characters/models/reimu/cloth2.vmdl","characters","False","979.9"
"cloth2","characters/models/rice_shower/cloth2/cloth2.vmdl","characters","False","577.6"
"cloth2","characters/models/rindo/cloth2.vmdl","characters","False","1518"
"cloth2","characters/models/tohka/cloth2.vmdl","characters","False","646.3"
"cloth2","characters/models/usasaki/cloth2.vmdl","characters","False","666"
"cloth2","characters/models/xiaan/cloth2.vmdl","characters","False","2146.2"
"cloth2","characters/models/yueyaoyehua/cloth2.vmdl","characters","False","2462.9"
"cloth2","characters/models/yutu/cloth2.vmdl","characters","False","2155.7"
"cloth3","characters/models/anomea/cloth3.vmdl","characters","False","1566.4"
"cloth3","characters/models/imaizumi_kagerou/cloth3.vmdl","characters","False","1222.9"
"cloth3","characters/models/kotori/cloth3.vmdl","characters","False","1051.2"
"cloth3","characters/models/laffey/cloth3/cloth3.vmdl","characters","False","981.7"
"cloth3","characters/models/manuka/cloth3.vmdl","characters","False","1969.5"
"cloth3","characters/models/mary/cloth3/cloth3.vmdl","characters","False","2301.1"
"cloth3","characters/models/reimu/cloth3.vmdl","characters","False","714.7"
"cloth3","characters/models/yueyaoyehua/cloth3.vmdl","characters","False","2414.7"
"cloth4","characters/models/kotori/cloth4.vmdl","characters","False","552.4"
"cloth4","characters/models/mary/cloth4/cloth4.vmdl","characters","False","2440"
"cloth4","characters/models/reimu/cloth4.vmdl","characters","False","1869.5"
"cloth5","characters/models/anomea/cloth5/cloth5.vmdl","characters","False","1381.4"
"clown piece","characters/models/clown_piece/clown_piece.vmdl","characters","False","537.6"
"clukay","characters/models/hk416/clukay/clukay.vmdl","characters","False","857.1"
"clukay car","characters/models/upkk/clukay_car/clukay_car.vmdl","characters","False","1203.4"
"clukay car arms","characters/models/upkk/clukay_car/clukay_car_arms.vmdl","characters","True","157.2"
"clukay car nothitbox","characters/models/upkk/clukay_car/clukay_car_nothitbox.vmdl","characters","False","1199.2"
"clukay n","characters/models/upkk/clukay_n/clukay_n.vmdl","characters","False","1306.7"
"clukay n arms","characters/models/upkk/clukay_n/clukay_n_arms.vmdl","characters","True","158.4"
"clukay n nothitbox","characters/models/upkk/clukay_n/clukay_n_nothitbox.vmdl","characters","False","1301.8"
"cm","characters/models/upkk/cm/cm.vmdl","characters","False","792.3"
"cm arm","characters/models/upkk/cm/cm_arm.vmdl","characters","True","105.1"
"cm nohitbox","characters/models/upkk/cm/cm_nohitbox.vmdl","characters","False","791.2"
"cnyy arms prefab","characters/models/hlym/cnyy/cnyy_arms_prefab.vmdl","characters","True","83.9"
"cnyy prefab","characters/models/hlym/cnyy/cnyy_prefab.vmdl","characters","False","416.5"
"coconut","characters/models/keung/coconut/coconut.vmdl","characters","False","470.8"
"coconut arms","characters/models/keung/coconut/coconut_arms.vmdl","characters","True","43.7"
"collei sk2model","characters/models/hmn_sk2/genshin/collei/collei_sk2model.vmdl","characters","False","403"
"collei sk2modelarm","characters/models/hmn_sk2/genshin/collei/collei_sk2modelarm.vmdl","characters","False","64.7"
"colphne","characters/models/exg/colphne/colphne.vmdl","characters","False","624.9"
"colphne","characters/models/upkk/colphne/colphne.vmdl","characters","False","543.4"
"colphne arm","characters/models/upkk/colphne/colphne_arm.vmdl","characters","True","65.7"
"colphne nohitbox","characters/models/upkk/colphne/colphne_nohitbox.vmdl","characters","False","543.8"
"common arms","characters/models/hlym/common/common_arms.vmdl","characters","True","107.4"
"common arms prefab","characters/models/hlym/common/common_arms_prefab.vmdl","characters","True","84"
"common arms prefab","characters/models/hlym/mzlty/common_arms_prefab.vmdl","characters","True","84.5"
"crab zombie","characters/models/aquaz/hoshistar/zombies/crab_zombie.vmdl","characters","False","777"
"cross haku","characters/models/upkk/cross_haku/cross_haku.vmdl","characters","False","1868.7"
"cross haku arm","characters/models/upkk/cross_haku/cross_haku_arm.vmdl","characters","True","184.3"
"cross haku nohitbox","characters/models/upkk/cross_haku/cross_haku_nohitbox.vmdl","characters","False","1867.7"
"crystal","characters/models/cirno/miy/crystal.vmdl","characters","False","5.2"
"crystal2","characters/models/cirno/miy/crystal2.vmdl","characters","False","5.2"
"ct humanoid prefab","characters/models/ct_humanoid_prefab.vmdl","characters","False","328.6"
"curren chan","characters/models/curren_chan/curren_chan.vmdl","characters","False","581.6"
"curren chan","characters/models/upkk/curren_chan/curren_chan.vmdl","characters","False","619.1"
"cyber cat","characters/models/maruko/cyber_cat.vmdl","characters","False","1462.2"
"cybernetic closer player model","characters/models/nozb1/cybernetic_closer_player_model/cybernetic_closer_player_model.vmdl","characters","False","312"
"cybernetic closer pm arm","characters/models/nozb1/cybernetic_closer_player_model/cybernetic_closer_pm_arm.vmdl","characters","True","48.8"
"cyrene","characters/maoling/star_rail/cyrene/normal/cyrene.vmdl","characters","False","953.8"
"daemonium luka","characters/models/daemonium_luka/daemonium_luka.vmdl","characters","False","525.6"
"daemonium luka arms","characters/models/daemonium_luka/daemonium_luka_arms.vmdl","characters","True","106.1"
"daheita","characters/flux/daheita/daheita.vmdl","characters","False","646.9"
"daheita arms","characters/flux/daheita/daheita_arms.vmdl","characters","True","142.2"
"daiyouse","characters/models/daiyouse/daiyouse.vmdl","characters","False","723.4"
"dance","characters/models/dance_animation/dance.vmdl","characters","False","13026.4"
"danjin","characters/models/exg/chrisan/danjin/danjin.vmdl","characters","False","644.9"
"deadpool","characters/models/keung/deadpool/deadpool.vmdl","characters","False","529"
"deadpool arms","characters/models/keung/deadpool/deadpool_arms.vmdl","characters","True","59.8"
"degula","characters/models/degula/degula.vmdl","characters","False","1287.2"
"deltaflair","characters/models/oylsister/etc/deltaflair/deltaflair.vmdl","characters","False","2374.7"
"deltaflair arms","characters/models/oylsister/etc/deltaflair/deltaflair_arms.vmdl","characters","True","90.1"
"devil","characters/models/maruko/devil.vmdl","characters","False","1933.4"
"devildom fairy","characters/models/devildom_fairy/devildom_fairy.vmdl","characters","False","350.8"
"dileimiaomiao","characters/models/dileimiaomiao/dileimiaomiao.vmdl","characters","False","2254.7"
"dino gura arm","characters/models/nozb1/dino_gura_player_model/dino_gura_arm.vmdl","characters","True","62.9"
"dino gura player model","characters/models/nozb1/dino_gura_player_model/dino_gura_player_model.vmdl","characters","False","960.3"
"discoball model","characters/models/exg/qiliu/particle_kill/mayaa/models/discoball_model.vmdl","characters","False","19.3"
"diving snake","characters/models/flux/diving_snake/diving_snake.vmdl","characters","False","280.6"
"diving snake dummy","characters/models/flux/diving_snake/diving_snake_dummy.vmdl","characters","False","835.6"
"dlyzl prefab","characters/models/hlym/dlyzl/dlyzl_prefab.vmdl","characters","False","1040.2"
"dmb","characters/models/exg/doki/bigmb/dmb.vmdl","characters","False","1092.9"
"dori","characters/models/exg/ruiyiwelkin/dori/dori.vmdl","characters","False","8148.6"
"doro","characters/models/keung/doro/doro.vmdl","characters","False","572.3"
"doro","characters/models/upkk/doro/doro.vmdl","characters","False","823.1"
"doro arms","characters/models/keung/doro/doro_arms.vmdl","characters","True","24.3"
"doro nohitbox","characters/models/upkk/doro/doro_nohitbox.vmdl","characters","False","822.6"
"dorothy","characters/models/kianya/nikke/dorothy/dorothy.vmdl","characters","False","5014.2"
"dorothy arms","characters/models/kianya/nikke/dorothy/dorothy_arms.vmdl","characters","True","732.1"
"doroz","characters/models/exg/kukuka/doroz/doroz.vmdl","characters","False","980.9"
"draco","characters/models/upkk/draco/draco.vmdl","characters","False","1423.7"
"draco arm","characters/models/upkk/draco/draco_arm.vmdl","characters","True","80.5"
"draco nohitbox","characters/models/upkk/draco/draco_nohitbox.vmdl","characters","False","1422.6"
"dress","characters/models/bailang/dress.vmdl","characters","False","1652.9"
"dress","characters/models/hina/dress.vmdl","characters","False","1263.5"
"dress","characters/models/horiz/dress.vmdl","characters","False","1224.6"
"dujiaoshou","characters/models/dujiaoshou/dujiaoshou.vmdl","characters","False","1611.4"
"dujiaoshou arms","characters/models/dujiaoshou/arms/dujiaoshou_arms.vmdl","characters","True","151.5"
"dyel","characters/models/cs2ze/dyel/dyel.vmdl","characters","False","194.6"
"ecchan","characters/maoling/fate_go/x_alter/ecchan.vmdl","characters","False","709.2"
"ecchan arms","characters/maoling/fate_go/x_alter/arms/ecchan_arms.vmdl","characters","True","119.9"
"eclipse cloth1","characters/models/ray_ared/eclipse_cloth1.vmdl","characters","False","1136.8"
"eclipse cloth2","characters/models/ray_ared/eclipse_cloth2.vmdl","characters","False","1176.7"
"eku","characters/models/aquaz/hoshistar/eku/eku.vmdl","characters","False","4868.3"
"eku","characters/models/eku/eku.vmdl","characters","False","1810.3"
"eku","characters/models/upkk/eku/eku.vmdl","characters","False","4536.2"
"eku nohitbox","characters/models/aquaz/hoshistar/eku/eku_nohitbox.vmdl","characters","False","4852.2"
"eku nothitbox","characters/models/upkk/eku/eku_nothitbox.vmdl","characters","False","4535.8"
"elaina","characters/models/elaina/elaina.vmdl","characters","False","1298.2"
"elcia","characters/models/exg/bot04/elcia/elcia.vmdl","characters","False","2147.6"
"elcia","characters/models/ub/bot04/elcia/elcia.vmdl","characters","False","2844.1"
"elcia arms","characters/models/exg/bot04/elcia/elcia_arms.vmdl","characters","True","174.5"
"elinyaa","characters/models/upkk/elinyaa/elinyaa.vmdl","characters","False","855.2"
"elinyaa arm","characters/models/upkk/elinyaa/elinyaa_arm.vmdl","characters","True","145.6"
"elinyaa nohitbox","characters/models/upkk/elinyaa/elinyaa_nohitbox.vmdl","characters","False","854.1"
"ellen","characters/models/koharu/zzz/ellen.vmdl","characters","False","910.2"
"ellen","characters/models/zzz/ellen/ellen.vmdl","characters","False","913.1"
"ellen arms","characters/models/koharu/zzz/ellen_arms.vmdl","characters","True","79.1"
"ellen arms","characters/models/zzz/ellen/ellen_arms.vmdl","characters","True","79.1"
"elysia","characters/kianya/honkai/elysia/elysia.vmdl","characters","False","890.8"
"elysia arms","characters/kianya/honkai/elysia/elysia_arms.vmdl","characters","True","63.4"
"elysia fix","characters/kianya/honkai/elysia/new/elysia_fix.vmdl","characters","False","890.8"
"embrace","characters/models/upkk/embrace_of_blood/embrace_of_blood/embrace.vmdl","characters","False","312.5"
"embrace","characters/models/upkk/embrace_of_blood/embrace.vmdl","characters","False","312.5"
"embrace arm","characters/models/upkk/embrace_of_blood/embrace_arm.vmdl","characters","True","58.7"
"embrace arm","characters/models/upkk/embrace_of_blood/embrace_of_blood/embrace_arm.vmdl","characters","True","58.7"
"embrace nohitbox","characters/models/upkk/embrace_of_blood/embrace_nohitbox.vmdl","characters","False","311.5"
"embrace nohitbox","characters/models/upkk/embrace_of_blood/embrace_of_blood/embrace_nohitbox.vmdl","characters","False","311.5"
"emilia arms prefab","characters/models/hlym/emilia/emilia_arms_prefab.vmdl","characters","True","121.9"
"emilia prefab","characters/models/hlym/emilia/emilia_prefab.vmdl","characters","False","777.4"
"encore","characters/models/upkk/encore/encore.vmdl","characters","False","628.4"
"encore arm","characters/models/upkk/encore/encore_arm.vmdl","characters","True","67"
"encore nohitbox","characters/models/upkk/encore/encore_nohitbox.vmdl","characters","False","627.4"
"eremitedesert player model","characters/models/nozb1/eremitedesert_player_model/eremitedesert_player_model.vmdl","characters","False","179.4"
"eremitedesert pm arm","characters/models/nozb1/eremitedesert_player_model/eremitedesert_pm_arm.vmdl","characters","True","61.3"
"erika","characters/models/exg/ruiyiwelkin/erika/erika.vmdl","characters","False","10279.5"
"est","characters/models/est/est.vmdl","characters","False","641.3"
"eternity larva","characters/models/eternity_larva/eternity_larva.vmdl","characters","False","857.4"
"eula player model","characters/models/nozb1/eula_player_model/eula_player_model.vmdl","characters","False","336.1"
"eula pm arm","characters/models/nozb1/eula_player_model/eula_pm_arm.vmdl","characters","True","69.1"
"evangelion","characters/models/aquaz/hoshistar/evangelion/evangelion.vmdl","characters","False","1491"
"evecat","characters/models/exg/evecat/evecat.vmdl","characters","False","1191.3"
"exdracula","characters/models/upkk/exdracula/exdracula.vmdl","characters","False","308.7"
"exdracula arm","characters/models/upkk/exdracula/exdracula_arm.vmdl","characters","True","109.2"
"exdracula nohitbox","characters/models/upkk/exdracula/exdracula_nohitbox.vmdl","characters","False","307.6"
"exg 2dmodel phoenix","characters/models/2en0w/exg_2dlod/exg_2dmodel_phoenix.vmdl","characters","False","6.7"
"exg 2dmodel sas","characters/models/2en0w/exg_2dlod/exg_2dmodel_sas.vmdl","characters","False","6.7"
"exusiai sk2model","characters/models/hmn_sk2/arknights/exusiai/exusiai_sk2model.vmdl","characters","False","1019.7"
"exusiai sk2modelarm","characters/models/hmn_sk2/arknights/exusiai/exusiai_sk2modelarm.vmdl","characters","False","73"
"eyjafjalla","characters/models/upkk/eyjafjalla/eyjafjalla.vmdl","characters","False","814.4"
"eyjafjalla nohitbox","characters/models/upkk/eyjafjalla/eyjafjalla_nohitbox.vmdl","characters","False","813.4"
"f zombie","characters/models/shared/zombies/f_zombie.vmdl","characters","False","215.3"
"feibi","characters/models/feibi/feibi.vmdl","characters","False","1254.4"
"fhsfhs","characters/flux/fhsfhs/fhsfhs.vmdl","characters","False","580.1"
"fhsfhs arms","characters/flux/fhsfhs/fhsfhs_arms.vmdl","characters","True","76.4"
"fiona moonlight","characters/models/kianya/vrc/fiona_moonlight/fiona_moonlight.vmdl","characters","False","1155.9"
"fiona moonlight arms","characters/models/kianya/vrc/fiona_moonlight/fiona_moonlight_arms.vmdl","characters","True","174.9"
"firefly","characters/maoling/star_rail/firefly/normal/firefly.vmdl","characters","False","909.1"
"firefly","characters/models/upkk/firefly/firefly.vmdl","characters","False","587.6"
"firefly arm","characters/models/upkk/firefly/firefly_arm.vmdl","characters","True","124.4"
"firefly arms","characters/maoling/star_rail/firefly/normal/arms/firefly_arms.vmdl","characters","True","167.3"
"firefly nohitbox","characters/models/upkk/firefly/firefly_nohitbox.vmdl","characters","False","586.5"
"fischl","characters/models/fischl/fischl.vmdl","characters","False","741.5"
"flandre","characters/models/exg/oxygen/flandre/flandre.vmdl","characters","False","1389.6"
"flandre","characters/models/little/flandre.vmdl","characters","False","1166.5"
"flandre","characters/models/upkk/flandre/flandre.vmdl","characters","False","1016.8"
"flandre arms","characters/models/upkk/flandre/flandre_arms.vmdl","characters","True","217.1"
"flandre nohitbox","characters/models/upkk/flandre/flandre_nohitbox.vmdl","characters","False","1013.4"
"flandre scarlet","characters/models/flandre_scarlet/flandre_scarlet.vmdl","characters","False","1448"
"flare","characters/models/aquaz/hoshistar/flare/flare.vmdl","characters","False","1631.6"
"formidable","characters/models/exg/ruiyiwelkin/al_formidable/formidable.vmdl","characters","False","3922.4"
"fortune teller","characters/models/fortune_teller/fortune_teller.vmdl","characters","False","532.4"
"fox miku arms prefab","characters/models/hlym/fox_miku/fox_miku_arms_prefab.vmdl","characters","True","34.3"
"fox miku prefab","characters/models/hlym/fox_miku/fox_miku_prefab.vmdl","characters","False","145.4"
"foxmiko arms prefab","characters/models/hlym/foxmiko/foxmiko_arms_prefab.vmdl","characters","True","95.8"
"foxmiko prefab","characters/models/hlym/foxmiko/foxmiko_prefab.vmdl","characters","False","414.1"
"freeman","characters/models/freeman_editer/freeman.vmdl","characters","False","118.6"
"fubuki","characters/models/exg/fubuki/fubuki.vmdl","characters","False","528.2"
"fufu","characters/models/upkk/fufu/fufu.vmdl","characters","False","194.5"
"fufu arms","characters/models/upkk/fufu/fufu_arms.vmdl","characters","True","21"
"fufu armsv3","characters/models/upkk/fufuv3/fufu_armsv3.vmdl","characters","False","56.6"
"fufu magic","characters/models/upkk/fufu_magic/fufu_magic.vmdl","characters","False","1282.4"
"fufu magic arms","characters/models/upkk/fufu_magic/fufu_magic_arms.vmdl","characters","True","97.1"
"fufu magic nohitbox","characters/models/upkk/fufu_magic/fufu_magic_nohitbox.vmdl","characters","False","1281.7"
"fufu mm21","characters/models/upkk/fufu_mm21/fufu_mm21.vmdl","characters","False","3290.2"
"fufu mm21 arms","characters/models/upkk/fufu_mm21/fufu_mm21_arms.vmdl","characters","True","87.7"
"fufu mm21 nohitbox","characters/models/upkk/fufu_mm21/fufu_mm21_nohitbox.vmdl","characters","False","3289.6"
"fufu nohitbox","characters/models/upkk/fufu/fufu_nohitbox.vmdl","characters","False","193.8"
"fufu sakura","characters/models/upkk/fufu_sakura/fufu_sakura.vmdl","characters","False","1558.8"
"fufu sakura arms","characters/models/upkk/fufu_sakura/fufu_sakura_arms.vmdl","characters","True","37.6"
"fufu sakura nohitbox","characters/models/upkk/fufu_sakura/fufu_sakura_nohitbox.vmdl","characters","False","1558.2"
"fufu v2","characters/models/upkk/fufu_v2/fufu_v2.vmdl","characters","False","591.6"
"fufu v2 arms","characters/models/upkk/fufu_v2/fufu_v2_arms.vmdl","characters","True","38.9"
"fufu v2 nohitbox","characters/models/upkk/fufu_v2/fufu_v2_nohitbox.vmdl","characters","False","590.8"
"fufu whitesnow","characters/models/upkk/fufu_whitesnow/fufu_whitesnow.vmdl","characters","False","1238.4"
"fufuv3","characters/models/upkk/fufuv3/fufuv3.vmdl","characters","False","1420"
"fufuv3 nohitbox","characters/models/upkk/fufuv3/fufuv3_nohitbox.vmdl","characters","False","1417.7"
"fuhua","characters/maoling/honkai_impact/fuhua/crane/fuhua.vmdl","characters","False","834.1"
"fuhua arms","characters/maoling/honkai_impact/fuhua/crane/arms/fuhua_arms.vmdl","characters","True","184"
"fumo","characters/models/flandre_scarlet/fumo/fumo.vmdl","characters","False","873.2"
"fumo cirno","characters/models/cirno/fumo/fumo_cirno.vmdl","characters","False","673.6"
"furina","characters/flux/furina/furina.vmdl","characters","False","280.6"
"furina","characters/maoling/genshin_impact/furina/normal/furina.vmdl","characters","False","865.6"
"furina","characters/models/oylsister/genshin/furina/furina.vmdl","characters","False","1925.4"
"furina arms","characters/maoling/genshin_impact/furina/normal/arms/furina_arms.vmdl","characters","True","142.7"
"furina arms","characters/models/oylsister/genshin/furina/furina_arms.vmdl","characters","True","81.3"
"furina dummy","characters/flux/furina/furina_dummy.vmdl","characters","False","733.2"
"fuxuan","characters/maoling/star_rail/fuxuan/normal/fuxuan.vmdl","characters","False","856.7"
"fuxuan","characters/models/fuxuan/fuxuan.vmdl","characters","False","1498.9"
"fuxuan arms","characters/maoling/star_rail/fuxuan/normal/arms/fuxuan_arms.vmdl","characters","True","118.1"
"fuxuan nohitbox","characters/models/fuxuan/fuxuan_nohitbox.vmdl","characters","False","1498"
"fuxuanarms","characters/models/fuxuan/fuxuanarms.vmdl","characters","False","215.7"
"g11","characters/models/g11/g11.vmdl","characters","False","1142.6"
"g11 2","characters/models/g11/g11_2.vmdl","characters","False","1368.3"
"ganyu","characters/flux/ganyu/ganyu.vmdl","characters","False","280.6"
"ganyu","characters/models/exg/ruiyiwelkin/ganyu/ganyu.vmdl","characters","False","765.3"
"ganyu dummy","characters/flux/ganyu/ganyu_dummy.vmdl","characters","False","483.2"
"gawr gura player model","characters/models/nozb1/gawr_gura_player_model/gawr_gura_player_model.vmdl","characters","False","1443.9"
"gawr gura player model body v2","characters/models/nozb1/gawr_gura_player_model/gawr_gura_player_model_body_v2.vmdl","characters","False","1078.3"
"gawr gura player model nohitbox","characters/models/nozb1/gawr_gura_player_model/gawr_gura_player_model_nohitbox.vmdl","characters","False","1433.9"
"gawr gura pm arm","characters/models/nozb1/gawr_gura_player_model/gawr_gura_pm_arm.vmdl","characters","True","582.8"
"genesis","characters/models/s2ze/ms/genesis/genesis.vmdl","characters","False","1104.8"
"gfl2 darture","characters/models/toppi/gfl2/gfl2_darture.vmdl","characters","False","1013.7"
"gfl2 darture arms","characters/models/toppi/gfl2/gfl2_darture_arms.vmdl","characters","True","362.7"
"gfl2 darture nohbox","characters/models/toppi/gfl2/gfl2_darture_nohbox.vmdl","characters","False","1010.6"
"gfl2 groza dress","characters/models/toppi/gfl2/gfl2_groza_dress.vmdl","characters","False","1608.4"
"gfl2 groza dress arms","characters/models/toppi/gfl2/gfl2_groza_dress_arms.vmdl","characters","True","333"
"gfl2 groza dress nohitbox","characters/models/toppi/gfl2/gfl2_groza_dress_nohitbox.vmdl","characters","False","1601.4"
"gfl2 klukai default","characters/models/toppi/gfl2/gfl2_klukai_default.vmdl","characters","False","1732.3"
"gfl2 klukai default arms","characters/models/toppi/gfl2/gfl2_klukai_default_arms.vmdl","characters","True","198.2"
"gfl2 klukai default nohbox","characters/models/toppi/gfl2/gfl2_klukai_default_nohbox.vmdl","characters","False","1729.3"
"gfl2 krolik","characters/models/toppi/gfl2/gfl2_krolik.vmdl","characters","False","2368.6"
"gfl2 krolik arms","characters/models/toppi/gfl2/gfl2_krolik_arms.vmdl","characters","True","575.8"
"gfl2 krolik nohitbox","characters/models/toppi/gfl2/gfl2_krolik_nohitbox.vmdl","characters","False","2353"
"gfl2 lainie default","characters/models/toppi/gfl2/gfl2_lainie_default.vmdl","characters","False","1541"
"gfl2 lainie default arms","characters/models/toppi/gfl2/gfl2_lainie_default_arms.vmdl","characters","True","668.4"
"gfl2 lainie default nohbox","characters/models/toppi/gfl2/gfl2_lainie_default_nohbox.vmdl","characters","False","1539.5"
"gfl2 lainie dorm","characters/models/toppi/gfl2/gfl2_lainie_dorm.vmdl","characters","False","1096.8"
"gfl2 lainie dorm arms","characters/models/toppi/gfl2/gfl2_lainie_dorm_arms.vmdl","characters","True","612.2"
"gfl2 lainie dorm nohbox","characters/models/toppi/gfl2/gfl2_lainie_dorm_nohbox.vmdl","characters","False","1095.4"
"gfl2 lainie opbutterfly","characters/models/toppi/gfl2/gfl2_lainie_opbutterfly.vmdl","characters","False","1372.3"
"gfl2 lainie opbutterfly arms","characters/models/toppi/gfl2/gfl2_lainie_opbutterfly_arms.vmdl","characters","True","609.7"
"gfl2 lainie opbutterfly nohbox","characters/models/toppi/gfl2/gfl2_lainie_opbutterfly_nohbox.vmdl","characters","False","1370.9"
"gfl2 lenna default","characters/models/toppi/gfl2/gfl2_lenna_default.vmdl","characters","False","1477.6"
"gfl2 lenna default arms","characters/models/toppi/gfl2/gfl2_lenna_default_arms.vmdl","characters","True","124.3"
"gfl2 lenna default nohbox","characters/models/toppi/gfl2/gfl2_lenna_default_nohbox.vmdl","characters","False","1474.5"
"gfl2 lenna night","characters/models/toppi/gfl2/gfl2_lenna_night.vmdl","characters","False","2433.6"
"gfl2 lenna night arms","characters/models/toppi/gfl2/gfl2_lenna_night_arms.vmdl","characters","True","491.5"
"gfl2 lenna night nohitbox","characters/models/toppi/gfl2/gfl2_lenna_night_nohitbox.vmdl","characters","False","2411.8"
"gfl2 leva default","characters/models/toppi/gfl2/gfl2_leva_default.vmdl","characters","False","2412.2"
"gfl2 leva default arms","characters/models/toppi/gfl2/gfl2_leva_default_arms.vmdl","characters","True","775.7"
"gfl2 leva default nohbox","characters/models/toppi/gfl2/gfl2_leva_default_nohbox.vmdl","characters","False","2408.3"
"gfl2 leva flower","characters/models/toppi/gfl2/gfl2_leva_flower.vmdl","characters","False","1651"
"gfl2 leva flower arms","characters/models/toppi/gfl2/gfl2_leva_flower_arms.vmdl","characters","True","271.6"
"gfl2 leva flower nohbox","characters/models/toppi/gfl2/gfl2_leva_flower_nohbox.vmdl","characters","False","1647.1"
"gfl2 makiatto","characters/models/toppi/gfl2/gfl2_makiatto.vmdl","characters","False","1535.1"
"gfl2 makiatto arms","characters/models/toppi/gfl2/gfl2_makiatto_arms.vmdl","characters","True","192.8"
"gfl2 makiatto dress","characters/models/toppi/gfl2/gfl2_makiatto_dress.vmdl","characters","False","2244.4"
"gfl2 makiatto dress arms","characters/models/toppi/gfl2/gfl2_makiatto_dress_arms.vmdl","characters","True","331.5"
"gfl2 makiatto nohitbox","characters/models/toppi/gfl2/gfl2_makiatto_nohitbox.vmdl","characters","False","1528.1"
"gfl2 metchy default","characters/models/toppi/gfl2/gfl2_metchy_default.vmdl","characters","False","1480.3"
"gfl2 metchy default arms","characters/models/toppi/gfl2/gfl2_metchy_default_arms.vmdl","characters","True","224.4"
"gfl2 metchy default nohbox","characters/models/toppi/gfl2/gfl2_metchy_default_nohbox.vmdl","characters","False","1478"
"gfl2 papasha default","characters/models/toppi/gfl2/gfl2_papasha_default.vmdl","characters","False","718"
"gfl2 papasha default arms","characters/models/toppi/gfl2/gfl2_papasha_default_arms.vmdl","characters","True","215.7"
"gfl2 papasha default nohbox","characters/models/toppi/gfl2/gfl2_papasha_default_nohbox.vmdl","characters","False","716.6"
"gfl2 suomi","characters/models/toppi/gfl2/gfl2_suomi.vmdl","characters","False","1942.4"
"gfl2 suomi arms","characters/models/toppi/gfl2/gfl2_suomi_arms.vmdl","characters","True","246.1"
"gfl2 suomi nohitbox","characters/models/toppi/gfl2/gfl2_suomi_nohitbox.vmdl","characters","False","1922.1"
"gfl2 vector bunny","characters/models/toppi/gfl2/gfl2_vector_bunny.vmdl","characters","False","1459.5"
"gfl2 vector bunny arms","characters/models/toppi/gfl2/gfl2_vector_bunny_arms.vmdl","characters","True","226.3"
"gfl2 vector bunny nohbox","characters/models/toppi/gfl2/gfl2_vector_bunny_nohbox.vmdl","characters","False","1455.7"
"gfl2 vector default","characters/models/toppi/gfl2/gfl2_vector_default.vmdl","characters","False","1420.2"
"gfl2 vector default arms","characters/models/toppi/gfl2/gfl2_vector_default_arms.vmdl","characters","True","184"
"gfl2 vector default nohbox","characters/models/toppi/gfl2/gfl2_vector_default_nohbox.vmdl","characters","False","1416.5"
"gfl2 vector molotov","characters/models/toppi/gfl2/gfl2_vector_molotov.vmdl","characters","False","4253.6"
"gfl2 vector molotov arms","characters/models/toppi/gfl2/gfl2_vector_molotov_arms.vmdl","characters","True","258.8"
"gfl2 vector molotov nohbox","characters/models/toppi/gfl2/gfl2_vector_molotov_nohbox.vmdl","characters","False","4237.7"
"glove arms","characters/models/public_girlhands/glove_arms.vmdl","characters","True","61.7"
"glove arms2","characters/models/public_girlhands/glove_arms2.vmdl","characters","False","63"
"gmod arms","characters/models/oylsister/template/gmod/gmod_arms.vmdl","characters","True","3.5"
"gmod template","characters/models/oylsister/template/gmod/gmod_template.vmdl","characters","False","28.1"
"goldship","characters/models/oylsister/uma_musume/gold_ship/goldship.vmdl","characters","False","738.1"
"goldship arms","characters/models/oylsister/uma_musume/gold_ship/goldship_arms.vmdl","characters","True","114.7"
"gouqi","characters/models/gouqi/gouqi.vmdl","characters","False","1373.5"
"gran alegria","characters/models/upkk/gran_alegria/gran_alegria.vmdl","characters","False","640.1"
"gran alegria nohitbox","characters/models/upkk/gran_alegria/gran_alegria_nohitbox.vmdl","characters","False","639.2"
"grass wonder","characters/models/grass_wonder/grass_wonder.vmdl","characters","False","545.8"
"green q","characters/models/momoyi/green_q.vmdl","characters","False","389.3"
"griseo","characters/maoling/honkai_impact/griseo/summer_painting/griseo.vmdl","characters","False","620.3"
"griseo","characters/models/griseo/griseo.vmdl","characters","False","477.7"
"griseo","characters/models/upkk/griseo/griseo.vmdl","characters","False","383.4"
"griseo arm","characters/models/upkk/griseo/griseo_arm.vmdl","characters","True","126.1"
"griseo arms","characters/maoling/honkai_impact/griseo/summer_painting/arms/griseo_arms.vmdl","characters","True","126.4"
"griseo nohitbox","characters/models/upkk/griseo/griseo_nohitbox.vmdl","characters","False","382.3"
"guanghuilifu","characters/models/guanghuilifu/guanghuilifu.vmdl","characters","False","861.8"
"guanghuilifu arms","characters/models/guanghuilifu/arms/guanghuilifu_arms.vmdl","characters","True","84"
"gugugaga","characters/models/aquaz/hoshistar/gugugaga/gugugaga.vmdl","characters","False","585.9"
"gumi","characters/models/upkk/gumi_china_dress/gumi.vmdl","characters","False","668.8"
"gumi arms","characters/models/upkk/gumi_china_dress/gumi_arms.vmdl","characters","True","58.6"
"gumi china dress arms prefab","characters/models/hlym/gumi_china_dress/gumi_china_dress_arms_prefab.vmdl","characters","True","61.9"
"gumi china dress prefab","characters/models/hlym/gumi_china_dress/gumi_china_dress_prefab.vmdl","characters","False","739.2"
"gumi china dress prefab nohitbox","characters/models/hlym/gumi_china_dress/gumi_china_dress_prefab_nohitbox.vmdl","characters","False","738.1"
"gumi nohitbox","characters/models/upkk/gumi_china_dress/gumi_nohitbox.vmdl","characters","False","667.1"
"gura sk2model","characters/models/hmn_sk2/vtuber/gura/gura_sk2model.vmdl","characters","False","799.9"
"gura sk2modelarm","characters/models/hmn_sk2/vtuber/gura/gura_sk2modelarm.vmdl","characters","False","106.6"
"haipa","characters/maoling/misc/haipa/haipa.vmdl","characters","False","313.7"
"haipa arms","characters/maoling/misc/haipa/arms/haipa_arms.vmdl","characters","True","103.8"
"hakari","characters/models/exg/hakari/hakari.vmdl","characters","False","556.4"
"haku","characters/models/exg/haku/haku.vmdl","characters","False","1092.2"
"haku","characters/models/haku/haku.vmdl","characters","False","1174.8"
"haku","characters/models/oylsister/vocaloid/haku/haku.vmdl","characters","False","800.2"
"haku","characters/models/upkk/etoile_haku/haku.vmdl","characters","False","464.8"
"haku","characters/models/upkk/haku_rabbit_cloth/haku.vmdl","characters","False","360.4"
"haku","characters/models/upkk/red_kimono_haku/haku.vmdl","characters","False","481"
"haku arm","characters/models/upkk/etoile_haku/haku_arm.vmdl","characters","True","103.6"
"haku arm","characters/models/upkk/haku_rabbit_cloth/haku_arm.vmdl","characters","True","96.8"
"haku arm","characters/models/upkk/red_kimono_haku/haku_arm.vmdl","characters","True","252.7"
"haku arms","characters/models/haku/arms/haku_arms.vmdl","characters","True","275.2"
"haku black wedding dress","characters/models/exg/haku_black_wedding_dress/haku_black_wedding_dress.vmdl","characters","False","1095.6"
"haku hand","characters/models/oylsister/vocaloid/haku/haku_hand.vmdl","characters","False","54.5"
"haku nohitbox","characters/models/upkk/etoile_haku/haku_nohitbox.vmdl","characters","False","463.6"
"haku nohitbox","characters/models/upkk/haku_rabbit_cloth/haku_nohitbox.vmdl","characters","False","359.3"
"haku nohitbox","characters/models/upkk/red_kimono_haku/haku_nohitbox.vmdl","characters","False","479.9"
"haku school","characters/models/upkk/haku_school/haku_school.vmdl","characters","False","455.8"
"haku school nohitbox","characters/models/upkk/haku_school/haku_school_nohitbox.vmdl","characters","False","454.8"
"haku wedding dress","characters/models/upkk/haku_wedding_dress/haku_wedding_dress.vmdl","characters","False","1662.7"
"haku wedding dress arm","characters/models/upkk/haku_wedding_dress/haku_wedding_dress_arm.vmdl","characters","True","114.5"
"haku wedding dress nohitbox","characters/models/upkk/haku_wedding_dress/haku_wedding_dress_nohitbox.vmdl","characters","False","1661.6"
"hakurei reimu","characters/models/upkk/hakurei_reimu/hakurei_reimu.vmdl","characters","False","1098.3"
"hakurei reimu nohitbox","characters/models/upkk/hakurei_reimu/hakurei_reimu_nohitbox.vmdl","characters","False","1097.3"
"halo","characters/models/mika/halo.vmdl","characters","False","65.9"
"halo","characters/models/shiroko/halo.vmdl","characters","False","14.9"
"han laffey","characters/models/han_laffey/han_laffey.vmdl","characters","False","396.6"
"han laffey","characters/models/upkk/han_laffey/han_laffey.vmdl","characters","False","396.7"
"han laffey arms","characters/models/han_laffey/han_laffey_arms.vmdl","characters","True","98.7"
"han laffey arms","characters/models/upkk/han_laffey/han_laffey_arms.vmdl","characters","True","103"
"han laffey nohitbox","characters/models/upkk/han_laffey/han_laffey_nohitbox.vmdl","characters","False","396.7"
"hanako","characters/models/exg/sd_hanako/hanako.vmdl","characters","False","505.1"
"haruka","characters/models/exg/haruka/haruka.vmdl","characters","False","419.8"
"haruna","characters/models/exg/haruna/haruna.vmdl","characters","False","419.4"
"hd2 bo1 tac","characters/models/s2ze/hd2_b01_tac/hd2_bo1_tac.vmdl","characters","False","1128"
"hd2 bo1 tac arms","characters/models/s2ze/hd2_b01_tac/hd2_bo1_tac_arms.vmdl","characters","True","277.8"
"hd2 bo1 tac nohitbox","characters/models/s2ze/hd2_b01_tac/hd2_bo1_tac_nohitbox.vmdl","characters","False","1124"
"headcrab","characters/models/aquaz/hoshistar/zombies/headcrab.vmdl","characters","False","214.7"
"heavy boss","characters/models/exg/heavy_boss/heavy_boss.vmdl","characters","False","150.6"
"heavy mutation","characters/models/shared/zombies/heavy_mutation.vmdl","characters","False","213.3"
"hehuanshu","characters/models/hehuanshu/hehuanshu.vmdl","characters","False","3341.8"
"helia","characters/maoling/honkai_impact/helia/boltstorm/helia.vmdl","characters","False","939.7"
"helia arms","characters/maoling/honkai_impact/helia/boltstorm/arms/helia_arms.vmdl","characters","True","135.2"
"herloher","characters/models/herloher/herloher.vmdl","characters","False","1466.3"
"herloher chinadress","characters/models/herloher/chinadress/herloher_chinadress.vmdl","characters","False","1121.4"
"herta","characters/models/exg/herta/herta.vmdl","characters","False","677.8"
"hieda no akyuu","characters/models/hieda_no_akyuu/hieda_no_akyuu.vmdl","characters","False","543"
"hihumi","characters/models/exg/hihumi/hihumi.vmdl","characters","False","474.2"
"hikari","characters/models/kianya/vrc/hikari/hikari.vmdl","characters","False","1104.3"
"hikari","characters/models/oylsister/blue_archive/hikari/hikari.vmdl","characters","False","1390.6"
"hikari arms","characters/models/kianya/vrc/hikari/hikari_arms.vmdl","characters","True","139"
"hikari arms","characters/models/oylsister/blue_archive/hikari/hikari_arms.vmdl","characters","True","79.5"
"hikari2","characters/models/oylsister/blue_archive/hikari/hikari2.vmdl","characters","False","1438.9"
"hina","characters/models/exg/hina/hina.vmdl","characters","False","2676.8"
"hina","characters/models/hina/hina.vmdl","characters","False","1312.5"
"hiro","characters/models/hiro/hiro.vmdl","characters","False","1537.5"
"hiyori","characters/models/exg/hiyori/hiyori.vmdl","characters","False","477"
"hk416","characters/flux/hk416/hk416.vmdl","characters","False","280.6"
"hk416","characters/maoling/girls_frontline/hk416/starry_cocoon/hk416.vmdl","characters","False","941.6"
"hk416","characters/models/exg/bot04/hk416/hk416.vmdl","characters","False","1307.6"
"hk416","characters/models/hk416/hk416.vmdl","characters","False","889.4"
"hk416 arms","characters/maoling/girls_frontline/hk416/starry_cocoon/arms/hk416_arms.vmdl","characters","True","247.6"
"hk416 dummy","characters/flux/hk416/hk416_dummy.vmdl","characters","False","848.4"
"hk416 wedding","characters/models/upkk/416_wedding/hk416_wedding.vmdl","characters","False","510.1"
"hk416 wedding arm","characters/models/upkk/416_wedding/hk416_wedding_arm.vmdl","characters","True","125.6"
"hk416 wedding nohitbox","characters/models/upkk/416_wedding/hk416_wedding_nohitbox.vmdl","characters","False","509"
"hlym teto arms prefab","characters/models/hlym/kimono_teto/hlym_teto_arms_prefab.vmdl","characters","True","65.5"
"hoho lime","characters/models/exg/ruiyiwelkin/hoho_lime/hoho_lime.vmdl","characters","False","3066"
"holosmoll","characters/models/exg/smoll_hololive/holosmoll.vmdl","characters","False","5694.2"
"honkai starrail huohuo","characters/models/exg/honkai_starrail_huohuo/honkai_starrail_huohuo.vmdl","characters","False","1622.6"
"hoppou arms prefab","characters/models/hlym/hoppou/hoppou_arms_prefab.vmdl","characters","True","42.4"
"hoppou prefab","characters/models/hlym/hoppou/hoppou_prefab.vmdl","characters","False","346.3"
"horiz","characters/models/horiz/horiz.vmdl","characters","False","1112.8"
"hoshino","characters/models/exg/hoshino/hoshino.vmdl","characters","False","1551.9"
"hoshino","characters/models/exg/sd_hoshino/hoshino.vmdl","characters","False","446.4"
"hoshino","characters/models/hoshino/hoshino.vmdl","characters","False","1354.7"
"hoshino","characters/models/oylsister/blue_archive/hoshino/hoshino.vmdl","characters","False","2830.9"
"hoshino","characters/models/rss/hoshino/hoshino.vmdl","characters","False","1951.7"
"hoshino","characters/models/upkk/hoshino_origin/hoshino.vmdl","characters","False","511.2"
"hoshino","characters/models/upkk/hoshino_swimsuit/hoshino.vmdl","characters","False","448.4"
"hoshino arm","characters/models/upkk/hoshino_origin/hoshino_arm.vmdl","characters","True","97.7"
"hoshino arm","characters/models/upkk/hoshino_swimsuit/hoshino_arm.vmdl","characters","True","99"
"hoshino arms","characters/models/rss/hoshino/hoshino_arms.vmdl","characters","True","380.9"
"hoshino hand","characters/models/oylsister/blue_archive/hoshino/hoshino_hand.vmdl","characters","False","350.3"
"hoshino hinata","characters/models/hoshino_hinata/hoshino_hinata.vmdl","characters","False","944.6"
"hoshino ichika","characters/models/kx/hoshino_ichika/hoshino_ichika.vmdl","characters","False","526.4"
"hoshino ichika arms","characters/models/kx/hoshino_ichika/hoshino_ichika_arms.vmdl","characters","True","56.9"
"hoshino nohitbox","characters/models/upkk/hoshino_origin/hoshino_nohitbox.vmdl","characters","False","509"
"hoshino swim","characters/models/exg/bot04/hoshino_swim/hoshino_swim.vmdl","characters","False","3268.4"
"hoshino swimsuit","characters/models/upkk/hoshino_swimsuit/hoshino_swimsuit.vmdl","characters","False","446.1"
"host zombie","characters/models/shared/zombies/host_zombie.vmdl","characters","False","172.6"
"hslf","characters/models/upkk/hslf_upkk/hslf.vmdl","characters","False","1145.7"
"hslf arms","characters/models/upkk/hslf_upkk/arms/hslf_arms.vmdl","characters","True","153.7"
"hslf nohitbox","characters/models/upkk/hslf_upkk/hslf_nohitbox.vmdl","characters","False","1143.5"
"hsr silverwolf","characters/models/toppi/hsr/hsr_silverwolf.vmdl","characters","False","1450.9"
"hsr silverwolf arms","characters/models/toppi/hsr/hsr_silverwolf_arms.vmdl","characters","True","537.8"
"hsr silverwolf cube","characters/models/toppi/hsr/hsr_silverwolf/submodels/hsr_silverwolf_cube.vmdl","characters","False","6.2"
"hsr silverwolf nohbox","characters/models/toppi/hsr/hsr_silverwolf_nohbox.vmdl","characters","False","1446.3"
"hsr the herta","characters/models/toppi/hsr/hsr_the_herta.vmdl","characters","False","3180.8"
"hsr the herta arms","characters/models/toppi/hsr/hsr_the_herta_arms.vmdl","characters","True","387.5"
"hsr the herta nohitbox","characters/models/toppi/hsr/hsr_the_herta_nohitbox.vmdl","characters","False","3173.8"
"huahuo","characters/models/huahuo/huahuo.vmdl","characters","False","1139.7"
"huahuo nohitbox","characters/models/huahuo/huahuo_nohitbox.vmdl","characters","False","1138.8"
"huajiamaonuo","characters/models/huajiamaonuo/huajiamaonuo.vmdl","characters","False","1027.4"
"huajiamaonuo nohitbox","characters/models/huajiamaonuo/huajiamaonuo_nohitbox.vmdl","characters","False","1025.7"
"huajiamaonuoarms","characters/models/huajiamaonuo/huajiamaonuoarms.vmdl","characters","False","144"
"huajiayuexia","characters/models/huajiayuexia/huajiayuexia.vmdl","characters","False","1045.2"
"huajiayuexia arms","characters/models/huajiayuexia/huajiayuexia_arms.vmdl","characters","True","73.1"
"huaohuoarms","characters/models/huahuo/huaohuoarms.vmdl","characters","False","146.9"
"human","characters/models/exg/pm_items_fix/human.vmdl","characters","False","1709.1"
"hunshaguanghui","characters/models/hunshaguanghui/hunshaguanghui.vmdl","characters","False","1270.1"
"hunshaguanghui arms","characters/models/hunshaguanghui/arms/hunshaguanghui_arms.vmdl","characters","True","201.6"
"hunter squad","characters/models/exg/ruiyiwelkin/hunter_squad/hunter_squad.vmdl","characters","False","425"
"huohua","characters/flux/huohua/huohua.vmdl","characters","False","581.6"
"huohua arms","characters/flux/huohua/huohua_arms.vmdl","characters","True","85.6"
"hutao","characters/models/hutao/hutao.vmdl","characters","False","457.6"
"hutao","characters/models/keung/hutao/hutao.vmdl","characters","False","425.3"
"hutao","characters/models/rho/hutao/hutao.vmdl","characters","False","405.6"
"hutao arms","characters/models/hutao/hutao_arms.vmdl","characters","True","67.8"
"hutao arms","characters/models/keung/hutao/hutao_arms.vmdl","characters","True","71.8"
"hutao arms","characters/models/rho/hutao/hutao_arms.vmdl","characters","True","68.8"
"hutao cny","characters/models/oylsister/genshin/hutao_cny/hutao_cny.vmdl","characters","False","1398.9"
"hutao cny arms","characters/models/oylsister/genshin/hutao_cny/hutao_cny_arms.vmdl","characters","True","92.5"
"ibuki suika","characters/models/ibuki_suika/ibuki_suika.vmdl","characters","False","2703"
"ill china","characters/models/upkk/ill_china_dress/ill_china.vmdl","characters","False","470.1"
"ill china arm","characters/models/upkk/ill_china_dress/ill_china_arm.vmdl","characters","True","108.4"
"ill china nohitbox","characters/models/upkk/ill_china_dress/ill_china_nohitbox.vmdl","characters","False","469"
"ill prom","characters/models/upkk/illustrious_prom_dress/ill_prom.vmdl","characters","False","775.9"
"ill prom arm","characters/models/upkk/illustrious_prom_dress/ill_prom_arm.vmdl","characters","True","102"
"ill prom nohitbox","characters/models/upkk/illustrious_prom_dress/ill_prom_nohitbox.vmdl","characters","False","774.8"
"ill wedding","characters/models/exg/ill_wedding/ill_wedding.vmdl","characters","False","1074.3"
"illustrious","characters/models/upkk/illustrious_wedding_dress/illustrious.vmdl","characters","False","826.3"
"illustrious","characters/models/upkk/tea_dress_illustrious/illustrious.vmdl","characters","False","460.8"
"illustrious arm","characters/models/upkk/illustrious_wedding_dress/illustrious_arm.vmdl","characters","True","150.6"
"illustrious arm","characters/models/upkk/tea_dress_illustrious/illustrious_arm.vmdl","characters","True","97.8"
"illustrious nohitbox","characters/models/upkk/illustrious_wedding_dress/illustrious_nohitbox.vmdl","characters","False","825.2"
"illustrious nohitbox","characters/models/upkk/tea_dress_illustrious/illustrious_nohitbox.vmdl","characters","False","459.8"
"illustrious study","characters/models/upkk/illustrious_study/illustrious_study.vmdl","characters","False","1598.9"
"illustrious study arms","characters/models/upkk/illustrious_study/illustrious_study_arms.vmdl","characters","True","64.5"
"illustrious study nohitbox","characters/models/upkk/illustrious_study/illustrious_study_nohitbox.vmdl","characters","False","1598"
"imaizumi kagerou","characters/models/imaizumi_kagerou/imaizumi_kagerou.vmdl","characters","False","743.1"
"implacable","characters/models/upkk/implacable/implacable.vmdl","characters","False","969.8"
"implacable nohitbox","characters/models/upkk/implacable/implacable_nohitbox.vmdl","characters","False","967.8"
"inaba","characters/models/upkk/inaba/inaba.vmdl","characters","False","2193.5"
"inaba arms","characters/models/upkk/inaba/inaba_arms.vmdl","characters","True","135.4"
"inaba nothitbox","characters/models/upkk/inaba/inaba_nothitbox.vmdl","characters","False","2187.8"
"inaba tei","characters/models/inaba_tei/inaba_tei.vmdl","characters","False","621.9"
"infernal zombie","characters/models/shared/zombies/infernal_zombie.vmdl","characters","False","362.6"
"iochi mari gym","characters/models/iochi_mari_gym/iochi_mari_gym.vmdl","characters","False","1274"
"iochi mari gym arms","characters/models/iochi_mari_gym/iochi_mari_gym_arms.vmdl","characters","True","301.4"
"iori","characters/models/exg/sd_iori/iori.vmdl","characters","False","447.4"
"iroha","characters/models/exg/iroha/iroha.vmdl","characters","False","447.2"
"isaac clarke","characters/models/s2ze/isaac_clarke/isaac_clarke.vmdl","characters","False","366.6"
"isaac clarke nohitbox","characters/models/s2ze/isaac_clarke/isaac_clarke_nohitbox.vmdl","characters","False","365.8"
"ispink","characters/models/upkk/ispink/ispink.vmdl","characters","False","728.5"
"ispink arm","characters/models/upkk/ispink/ispink_arm.vmdl","characters","True","162.3"
"ispink nohitbox","characters/models/upkk/ispink/ispink_nohitbox.vmdl","characters","False","727.4"
"iuno","characters/maoling/wuthering_waves/iuno/normal/iuno.vmdl","characters","False","846.2"
"izayoi sakuya","characters/models/izayoi_sakuya/izayoi_sakuya.vmdl","characters","False","964.4"
"izuna","characters/models/exg/izuna/izuna.vmdl","characters","False","1103.9"
"jalter","characters/models/exg/jalter/jalter.vmdl","characters","False","1032.2"
"jcnnn","characters/flux/jcnnn/jcnnn.vmdl","characters","False","847.8"
"jcnnn arms","characters/flux/jcnnn/jcnnn_arms.vmdl","characters","True","287.1"
"jinshi","characters/maoling/wuthering_waves/jinshi/normal/jinshi.vmdl","characters","False","814.5"
"jinshi arms","characters/maoling/wuthering_waves/jinshi/normal/arms/jinshi_arms.vmdl","characters","True","125.9"
"jinxi","characters/models/jinxi/jinxi.vmdl","characters","False","975"
"jiuhu","characters/models/jiuhu/jiuhu.vmdl","characters","False","397.7"
"jiuwei","characters/models/jiuwei/jiuwei.vmdl","characters","False","1867.9"
"jiuwei","characters/models/upkk/jiuwei/jiuwei.vmdl","characters","False","1152.3"
"jiuwei nohitbox","characters/models/upkk/jiuwei/jiuwei_nohitbox.vmdl","characters","False","1145"
"jktaihou","characters/models/upkk/jktaihou/jktaihou.vmdl","characters","False","1076.9"
"jktaihou arms","characters/models/upkk/jktaihou/jktaihou_arms.vmdl","characters","True","209.9"
"jktaihou nothitbox","characters/models/upkk/jktaihou/jktaihou_nothitbox.vmdl","characters","False","1074.2"
"jp prs","characters/models/upkk/japanese_princess/jp_prs.vmdl","characters","False","415.2"
"jp prs arm","characters/models/upkk/japanese_princess/jp_prs_arm.vmdl","characters","True","327.2"
"jp prs nohitbox","characters/models/upkk/japanese_princess/jp_prs_nohitbox.vmdl","characters","False","414.1"
"junchai","characters/models/hlym/junchai/junchai.vmdl","characters","False","3297.9"
"junchai swimsuit arms","characters/models/hlym/junchai/arms/junchai_swimsuit_arms.vmdl","characters","True","230.1"
"juxueli","characters/models/juxueli/juxueli.vmdl","characters","False","2004.8"
"jym","characters/models/exg/mmy/jingyumei/jym.vmdl","characters","False","6594"
"kafka","characters/maoling/star_rail/kafka/swimwear/kafka.vmdl","characters","False","771.7"
"kafka arms","characters/maoling/star_rail/kafka/swimwear/arms/kafka_arms.vmdl","characters","True","119.6"
"kagamine shiroyuki arms","characters/models/kagamine_b/kagamine_shiroyuki_arms.vmdl","characters","True","131.4"
"kagamine shiroyuki b","characters/models/kagamine_b/kagamine_shiroyuki_b.vmdl","characters","False","592.1"
"kagura nana v1 arms prefab","characters/models/hlym/kagura_nana_v1/kagura_nana_v1_arms_prefab.vmdl","characters","True","113.2"
"kagura nana v1 prefab","characters/models/hlym/kagura_nana_v1/kagura_nana_v1_prefab.vmdl","characters","False","411"
"kaine 2b","characters/models/oylsister/nierreplicant/kaine_2b/kaine_2b.vmdl","characters","False","1174.9"
"kaine 2b arms","characters/models/oylsister/nierreplicant/kaine_2b/kaine_2b_arms.vmdl","characters","True","111.3"
"kaine 2b arms ez","characters/models/oylsister/nierreplicant/kaine_2b/kaine_2b_arms_ez.vmdl","characters","True","91.3"
"kaine 2b arms new","characters/models/oylsister/nierreplicant/kaine_2b/kaine_2b_arms_new.vmdl","characters","True","110.9"
"kaine2b","characters/models/oylsister/nierreplicant/kaine_2b/kaine2b.vmdl","characters","False","1106.7"
"kanami","characters/models/upkk/kanami/kanami.vmdl","characters","False","733.6"
"kanami arm","characters/models/upkk/kanami/kanami_arm.vmdl","characters","True","108.8"
"kanami nohitbox","characters/models/upkk/kanami/kanami_nohitbox.vmdl","characters","False","732.5"
"kancolle akatsuki class","characters/models/toppi/kancolle/kancolle_akatsuki_class.vmdl","characters","False","5475.1"
"kancolle akatsuki class arms","characters/models/toppi/kancolle/kancolle_akatsuki_class_arms.vmdl","characters","True","482.9"
"kaneki","characters/models/aquaz/hoshistar/kaneki/kaneki.vmdl","characters","False","2465.7"
"kanna","characters/models/kanna/kanna.vmdl","characters","False","601.2"
"kanna arms prefab","characters/models/hlym/kanna/kanna_arms_prefab.vmdl","characters","True","74.8"
"kanna nohitbox","characters/models/kanna/kanna_nohitbox.vmdl","characters","False","600.4"
"kanna prefab","characters/models/hlym/kanna/kanna_prefab.vmdl","characters","False","762.2"
"kannarms","characters/models/kanna/kannarms.vmdl","characters","False","101.4"
"kaoji","characters/models/exg/aili/kaoji/kaoji.vmdl","characters","False","1458.1"
"karin","characters/models/koharu/vr_chat/karin_picodratech/karin.vmdl","characters","False","2411.7"
"karin","characters/models/upkk/karin/karin.vmdl","characters","False","709.5"
"karin arm","characters/models/upkk/karin/karin_arm.vmdl","characters","True","110.9"
"karin arms","characters/models/koharu/vr_chat/karin_picodratech/karin_arms.vmdl","characters","True","178.7"
"karin cathood","characters/models/koharu/vr_chat/karin_cathood/karin_cathood.vmdl","characters","False","1667.3"
"karin cathood arms","characters/models/koharu/vr_chat/karin_cathood/karin_cathood_arms.vmdl","characters","True","195.7"
"karin nohitbox","characters/models/upkk/karin/karin_nohitbox.vmdl","characters","False","708.4"
"kashima","characters/models/keung/kashima/kashima.vmdl","characters","False","912.3"
"kashima arms","characters/models/keung/kashima/kashima_arms.vmdl","characters","True","128.5"
"kasumizawa miyu","characters/flux/kasumizawa_miyu/kasumizawa_miyu.vmdl","characters","False","2151.3"
"kasumizawa miyu ct 2","characters/flux/kasumizawa_miyu/kasumizawa_miyu_ct_2.vmdl","characters","False","2194.6"
"katixiya","characters/models/katixiya/katixiya.vmdl","characters","False","1923.3"
"kawakaze","characters/models/keung/kawakaze/kawakaze.vmdl","characters","False","740.2"
"kawakaze arms","characters/models/keung/kawakaze/kawakaze_arms.vmdl","characters","True","149.9"
"kayoko","characters/models/exg/kayoko/kayoko.vmdl","characters","False","482.4"
"kc taihou","characters/models/exg/kc_taihou/kc_taihou.vmdl","characters","False","1209.9"
"kdat","characters/models/aquaz/hoshistar/kdat/kdat.vmdl","characters","False","487.6"
"kdat nohitbox","characters/models/aquaz/hoshistar/kdat/kdat_nohitbox.vmdl","characters","False","481.1"
"kejjj","characters/flux/kejjj/kejjj.vmdl","characters","False","684.8"
"kejjj arms","characters/flux/kejjj/kejjj_arms.vmdl","characters","True","88.1"
"keli","characters/models/upkk/keli/keli.vmdl","characters","False","727.7"
"keli nohitbox","characters/models/upkk/keli/keli_nohitbox.vmdl","characters","False","726.7"
"keqing","characters/flux/keqing/keqing.vmdl","characters","False","280.6"
"keqing","characters/maoling/genshin_impact/keqing/butterfly/keqing.vmdl","characters","False","691.7"
"keqing","characters/maoling/genshin_impact/keqing/normal/keqing.vmdl","characters","False","555"
"keqing","characters/models/kianya/genshin/keqing/keqing.vmdl","characters","False","387.6"
"keqing arms","characters/maoling/genshin_impact/keqing/butterfly/arms/keqing_arms.vmdl","characters","True","124.7"
"keqing arms","characters/maoling/genshin_impact/keqing/normal/arms/keqing_arms.vmdl","characters","True","102.1"
"keqing arms","characters/models/kianya/genshin/keqing/keqing_arms.vmdl","characters","True","72.8"
"keqing dummy","characters/flux/keqing/keqing_dummy.vmdl","characters","False","474"
"kiana","characters/maoling/honkai_impact/kiana/flame/kiana.vmdl","characters","False","631.5"
"kiana","characters/maoling/honkai_impact/kiana/selenic_ripples/kiana.vmdl","characters","False","1007"
"kiana","characters/maoling/honkai_impact/kiana/twins/kiana.vmdl","characters","False","762.3"
"kiana","characters/models/upkk/kiana/kiana.vmdl","characters","False","364.5"
"kiana arm","characters/models/upkk/kiana/kiana_arm.vmdl","characters","True","52.2"
"kiana arms","characters/maoling/honkai_impact/kiana/flame/arms/kiana_arms.vmdl","characters","True","111.6"
"kiana arms","characters/maoling/honkai_impact/kiana/selenic_ripples/arms/kiana_arms.vmdl","characters","True","118.1"
"kiana arms","characters/maoling/honkai_impact/kiana/twins/arms/kiana_arms.vmdl","characters","True","142.7"
"kiana nohitbox","characters/models/upkk/kiana/kiana_nohitbox.vmdl","characters","False","363.5"
"kiana singer","characters/models/upkk/kiana_singer/kiana_singer.vmdl","characters","False","493.5"
"kiana singer nohitbox","characters/models/upkk/kiana_singer/kiana_singer_nohitbox.vmdl","characters","False","492.5"
"kiana wishingstar","characters/models/kianya/honkai/kiana_wishingstar/kiana_wishingstar.vmdl","characters","False","905.8"
"kiana wishingstar arms","characters/models/kianya/honkai/kiana_wishingstar/kiana_wishingstar_arms.vmdl","characters","True","163.1"
"kikyo x","characters/models/upkk/kikyo_x/kikyo_x.vmdl","characters","False","2364.7"
"kikyo x arms","characters/models/upkk/kikyo_x/kikyo_x_arms.vmdl","characters","True","511.1"
"kikyo x nohitbox","characters/models/upkk/kikyo_x/kikyo_x_nohitbox.vmdl","characters","False","2356.2"
"kikyo2","characters/models/cs2ze/kikyo_new/kikyo2.vmdl","characters","False","3389.3"
"kikyonui","characters/models/exg/kx/kikyonui/kikyonui.vmdl","characters","False","671.3"
"killerspirit","characters/models/oylsister/blade_and_souls/killerspirit/killerspirit.vmdl","characters","False","301.1"
"killerspirit arms","characters/models/oylsister/blade_and_souls/killerspirit/killerspirit_arms.vmdl","characters","True","300.9"
"kim haku","characters/models/upkk/kim_haku/kim_haku.vmdl","characters","False","884.6"
"kim haku nohitbox","characters/models/upkk/kim_haku/kim_haku_nohitbox.vmdl","characters","False","882.6"
"kimgar","characters/models/upkk/kimgar/kimgar.vmdl","characters","False","856.1"
"kimgar arm","characters/models/upkk/kimgar/kimgar_arm.vmdl","characters","True","106.1"
"kimgar nohitbox","characters/models/upkk/kimgar/kimgar_nohitbox.vmdl","characters","False","855"
"kimono teto","characters/models/hlym/kimono_teto/kimono_teto.vmdl","characters","False","473.1"
"kimono teto","characters/models/upkk/kimono_teto/kimono_teto.vmdl","characters","False","468.2"
"kimono teto arm","characters/models/hlym/kimono_teto/kimono_teto_arm.vmdl","characters","True","49.2"
"kimono teto arm","characters/models/upkk/kimono_teto/kimono_teto_arm.vmdl","characters","True","62.1"
"kimono teto nohitbox","characters/models/upkk/kimono_teto/kimono_teto_nohitbox.vmdl","characters","False","467.1"
"kipfel","characters/models/aquaz/hoshistar/kipfel/kipfel.vmdl","characters","False","2307.6"
"kipfel","characters/models/exg/aili/kipfel/kipfel.vmdl","characters","False","3637.7"
"kipfel","characters/models/mukumi/kipfel.vmdl","characters","False","1136.6"
"kipfel small","characters/models/aquaz/hoshistar/kipfel/kipfel_small.vmdl","characters","False","2303.7"
"kipfel vrc","characters/models/exg/kipfel/kipfel_vrc.vmdl","characters","False","3132.4"
"kira","characters/maoling/honkai_impact/shigure_kira/normal/kira.vmdl","characters","False","723.6"
"kira arms","characters/maoling/honkai_impact/shigure_kira/normal/arms/kira_arms.vmdl","characters","True","117.5"
"kirara","characters/maoling/genshin_impact/kirara/normal/kirara.vmdl","characters","False","837.9"
"kirara arms","characters/maoling/genshin_impact/kirara/normal/arms/kirara_arms.vmdl","characters","True","141"
"Kirby","characters/models/exg/kabi/Kirby.vmdl","characters","False","1291.9"
"kirby","characters/models/kirby/kirby.vmdl","characters","False","164"
"kirito","characters/models/kirito/kirito.vmdl","characters","False","2652.4"
"kirito","characters/models/upkk/kirito/kirito.vmdl","characters","False","818.9"
"kirito arm","characters/models/upkk/kirito/kirito_arm.vmdl","characters","True","152.9"
"kirito nohitbox","characters/models/upkk/kirito/kirito_nohitbox.vmdl","characters","False","817.8"
"kisaki","characters/models/exg/kisaki/kisaki.vmdl","characters","False","1134.9"
"kitakami futaba","characters/models/kitakami_futaba/kitakami_futaba.vmdl","characters","False","1503.5"
"kitasan black","characters/models/kitasan_black/kitasan_black.vmdl","characters","False","840.3"
"kizuna ai","characters/models/upkk/kizuna_ai/kizuna_ai.vmdl","characters","False","425.9"
"kizuna ai nohitbox","characters/models/upkk/kizuna_ai/kizuna_ai_nohitbox.vmdl","characters","False","424.9"
"kizuna arm","characters/models/upkk/kizuna_ai/kizuna_arm.vmdl","characters","True","269.8"
"klee","characters/models/uru/gm/genshin/klee/klee.vmdl","characters","False","607.8"
"klee arms","characters/models/uru/gm/genshin/klee/klee_arms.vmdl","characters","True","56.8"
"kleiner","characters/models/exg/kleiner/kleiner.vmdl","characters","False","917"
"klsty","characters/flux/klsty/klsty.vmdl","characters","False","540.7"
"klsty arms","characters/flux/klsty/klsty_arms.vmdl","characters","True","61.8"
"km decade","characters/models/exg/aquaz/km_decade/km_decade.vmdl","characters","False","951.5"
"knife","characters/models/kitakami_futaba/knife.vmdl","characters","False","155.1"
"kobe","characters/models/aquaz/hoshistar/kobe/kobe.vmdl","characters","False","1839.9"
"kogasa","characters/models/little/kogasa.vmdl","characters","False","1155.9"
"kogasa tatara","characters/models/kogasa_tatara/kogasa_tatara.vmdl","characters","False","643.4"
"koharu","characters/models/exg/koharu/koharu.vmdl","characters","False","441.7"
"koishi","characters/models/koishi/koishi.vmdl","characters","False","538.7"
"kokomi","characters/models/kokomi/kokomi.vmdl","characters","False","416.2"
"kokomi arm","characters/models/kokomi/kokomi_arm.vmdl","characters","True","110"
"kokona","characters/models/exg/kokona/kokona.vmdl","characters","False","1211.2"
"kokona aqua","characters/models/aquaz/hoshistar/kokona_aqua/kokona_aqua.vmdl","characters","False","5436.2"
"komo player model","characters/models/nozb1/komo_player_model/komo_player_model.vmdl","characters","False","523.5"
"komo pm arm","characters/models/nozb1/komo_player_model/komo_pm_arm.vmdl","characters","True","90"
"kongou arms prefab","characters/models/hlym/kongou_v1/kongou_arms_prefab.vmdl","characters","True","123.7"
"kongou prefab","characters/models/hlym/kongou_v1/kongou_prefab.vmdl","characters","False","428"
"konno junko","characters/models/konno_junko/konno_junko.vmdl","characters","False","997.9"
"konno junko","characters/models/tianli/konno_junko/konno_junko.vmdl","characters","False","1100.7"
"konno junko","characters/models/upkk/konno_junko/konno_junko.vmdl","characters","False","1047.3"
"konno junko arm","characters/models/tianli/konno_junko/konno_junko_arm.vmdl","characters","True","82.5"
"konno junko arm1","characters/models/konno_junko/konno_junko_arm1.vmdl","characters","False","39.8"
"konno junko arm2","characters/models/konno_junko/konno_junko_arm2.vmdl","characters","False","17.3"
"konno junko arm3","characters/models/konno_junko/konno_junko_arm3.vmdl","characters","False","71.2"
"konno junko nohitbox","characters/models/upkk/konno_junko/konno_junko_nohitbox.vmdl","characters","False","1043.1"
"konno junko2","characters/models/konno_junko/konno_junko2.vmdl","characters","False","997.3"
"konno junko3","characters/models/konno_junko/konno_junko3.vmdl","characters","False","1058"
"konuri maki","characters/maoling/blue_archive/konuri_maki/konuri_maki.vmdl","characters","False","741.3"
"konuri maki arms","characters/maoling/blue_archive/konuri_maki/arms/konuri_maki_arms.vmdl","characters","True","138.7"
"koritsu","characters/models/exg/koritsu/koritsu.vmdl","characters","False","770.4"
"koritsu","characters/models/upkk/koritsu/koritsu.vmdl","characters","False","670.2"
"koritsu arm","characters/models/upkk/koritsu/koritsu_arm.vmdl","characters","True","91.3"
"koritsu nohitbox","characters/models/upkk/koritsu/koritsu_nohitbox.vmdl","characters","False","669.1"
"kotori","characters/maoling/date_a_live/kotori/spirit/kotori.vmdl","characters","False","246.1"
"kotori","characters/models/upkk/kotori_lace_dress/kotori.vmdl","characters","False","693.9"
"kotori","characters/models/upkk/kotori/kotori.vmdl","characters","False","485.2"
"kotori arm","characters/models/upkk/kotori_lace_dress/kotori_arm.vmdl","characters","True","128.6"
"kotori arm","characters/models/upkk/kotori/kotori_arm.vmdl","characters","True","96.1"
"kotori arms","characters/maoling/date_a_live/kotori/spirit/arms/kotori_arms.vmdl","characters","True","101.4"
"kotori nohitbox","characters/models/upkk/kotori_lace_dress/kotori_nohitbox.vmdl","characters","False","692.8"
"kotori nohitbox","characters/models/upkk/kotori/kotori_nohitbox.vmdl","characters","False","488"
"koyori","characters/models/aquaz/hoshistar/koyori/koyori.vmdl","characters","False","2882.3"
"koyori","characters/models/upkk/koyori/koyori.vmdl","characters","False","1073.9"
"koyori arm","characters/models/upkk/koyori/koyori_arm.vmdl","characters","True","168.7"
"koyori nohitbox","characters/models/upkk/koyori/koyori_nohitbox.vmdl","characters","False","1073.4"
"krul","characters/models/upkk/krul_tepes/krul.vmdl","characters","False","554.4"
"krul arm","characters/models/upkk/krul_tepes/krul_arm.vmdl","characters","True","75.4"
"krul nohitbox","characters/models/upkk/krul_tepes/krul_nohitbox.vmdl","characters","False","553.4"
"kudryavka","characters/models/kudryavka/kudryavka.vmdl","characters","False","1009.3"
"kujousara player model","characters/models/nozb1/kujousara_player_model/kujousara_player_model.vmdl","characters","False","341.6"
"kujousara pm arm","characters/models/nozb1/kujousara_player_model/kujousara_pm_arm.vmdl","characters","True","71.1"
"kuroi","characters/models/exg/ruiyiwelkin/kuroi/kuroi.vmdl","characters","False","2691.1"
"kuronyam","characters/models/upkk/byd_cat/kuronyam/kuronyam.vmdl","characters","False","1040.6"
"kuronyam nohitbox","characters/models/upkk/byd_cat/kuronyam/kuronyam_nohitbox.vmdl","characters","False","1039.6"
"kurumi","characters/models/kurumi/kurumi.vmdl","characters","False","1214.9"
"kurumi","characters/models/upkk/kurumi/kurumi.vmdl","characters","False","361.2"
"kurumi arm","characters/models/upkk/kurumi/kurumi_arm.vmdl","characters","True","53.8"
"kurumi nohitbox","characters/models/upkk/kurumi/kurumi_nohitbox.vmdl","characters","False","360.1"
"kyaru","characters/models/kyaru/kyaru.vmdl","characters","False","1513.4"
"kyoko youmu","characters/models/kyoko_youmu/kyoko_youmu.vmdl","characters","False","1017.3"
"kyouka","characters/models/kyouka/kyouka.vmdl","characters","False","639.5"
"kyubi no bokan sha","characters/models/kyubi_no_bokan_sha/kyubi_no_bokan_sha.vmdl","characters","False","4295.4"
"lafei","characters/models/lafei/lafei.vmdl","characters","False","1627.7"
"lafei arms","characters/models/lafei/arms/lafei_arms.vmdl","characters","True","128"
"laffey","characters/models/exg/ruiyiwelkin/laffey/laffey.vmdl","characters","False","2716.5"
"laffey","characters/models/laffey/laffey.vmdl","characters","False","837.2"
"laffey2","characters/models/laffey/cloth2/laffey2.vmdl","characters","False","990.3"
"lajitu","characters/models/lajitu/lajitu.vmdl","characters","False","1396.1"
"lami","characters/models/aquaz/hoshistar/lami/lami.vmdl","characters","False","2502.3"
"lamiya","characters/models/lamiya/lamiya.vmdl","characters","False","1955.6"
"lamiya arms","characters/models/lamiya/arms/lamiya_arms.vmdl","characters","True","422.1"
"lamy","characters/models/upkk/lamy/lamy.vmdl","characters","False","508.9"
"lamy arm","characters/models/upkk/lamy/lamy_arm.vmdl","characters","True","122.2"
"lamy nohitbox","characters/models/upkk/lamy/lamy_nohitbox.vmdl","characters","False","507.8"
"laremicat player model","characters/models/nozb1/laremicat_player_model/laremicat_player_model.vmdl","characters","False","228.7"
"laremicat pm arm","characters/models/nozb1/laremicat_player_model/laremicat_pm_arm.vmdl","characters","True","35.6"
"last xuan","characters/models/last_xuan/last_xuan.vmdl","characters","False","1406.8"
"lauma","characters/models/aquaz/hoshistar/lauma/lauma.vmdl","characters","False","1119.6"
"lazuli","characters/models/lazuli/lazuli.vmdl","characters","False","1581"
"lazuli","characters/models/upkk/lazuli/lazuli.vmdl","characters","False","2010.6"
"lazuli arms","characters/models/upkk/lazuli/lazuli_arms.vmdl","characters","True","183.3"
"lazuli nothitbox","characters/models/upkk/lazuli/lazuli_nothitbox.vmdl","characters","False","2009.8"
"lb","characters/models/lb/lb.vmdl","characters","False","1306.3"
"lb arms","characters/models/lb/lb_arms.vmdl","characters","True","114.7"
"le malin","characters/models/aquaz/hoshistar/le_malin/le_malin.vmdl","characters","False","1803.6"
"le malin","characters/models/le_malin/le_malin.vmdl","characters","False","1445.2"
"le malin arms","characters/models/le_malin/le_malin_arms.vmdl","characters","True","95.3"
"le malin nohitbox","characters/models/le_malin/le_malin_nohitbox.vmdl","characters","False","1444.4"
"lenna","characters/models/2en0w/lenna/lenna.vmdl","characters","False","1061.4"
"leon","characters/maoling/re2/leon/leon.vmdl","characters","False","209.4"
"leon arms","characters/maoling/re2/leon/arms/leon_arms.vmdl","characters","True","260.4"
"letty","characters/models/letty/letty.vmdl","characters","False","2649.3"
"lexington","characters/models/upkk/lexington/lexington.vmdl","characters","False","461.8"
"lexington arm","characters/models/upkk/lexington/lexington_arm.vmdl","characters","True","180.9"
"lexington nohitbox","characters/models/upkk/lexington/lexington_nohitbox.vmdl","characters","False","460.8"
"lflty","characters/models/upkk/lflty/lflty.vmdl","characters","False","448.3"
"lflty arms","characters/models/upkk/lflty/lflty_arms.vmdl","characters","True","143"
"lflty nohitbox","characters/models/upkk/lflty/lflty_nohitbox.vmdl","characters","False","447.5"
"lh haku","characters/models/upkk/lh_haku/lh_haku.vmdl","characters","False","1556.7"
"lh haku arm","characters/models/upkk/lh_haku/lh_haku_arm.vmdl","characters","True","276.3"
"lh haku nohitbox","characters/models/upkk/lh_haku/lh_haku_nohitbox.vmdl","characters","False","1555.6"
"libel","characters/models/libel/libel.vmdl","characters","False","4173.9"
"light zombie","characters/models/shared/zombies/light_zombie.vmdl","characters","False","350.6"
"lightning arms","characters/models/oylsister/final_fantasy/lightning_return/lightning_arms.vmdl","characters","True","470.6"
"lightning return","characters/models/oylsister/final_fantasy/lightning_return/lightning_return.vmdl","characters","False","2188.1"
"liloumois","characters/models/exg/qingqi/liloumois/liloumois.vmdl","characters","False","3128.2"
"liloumois arms","characters/models/exg/qingqi/liloumois/liloumois_arms.vmdl","characters","True","250.3"
"lily black","characters/models/lily/vrc/lily_black.vmdl","characters","False","2268.4"
"lily black","characters/models/little/lily_black.vmdl","characters","False","915.6"
"lily white","characters/models/lily/vrc/lily_white.vmdl","characters","False","2268.4"
"lily white","characters/models/little/lily_white.vmdl","characters","False","915.6"
"lime","characters/models/baijiuwei/lime.vmdl","characters","False","4106.9"
"lime an","characters/models/exg/chrisan/lime/lime_an.vmdl","characters","False","3917.7"
"lime e","characters/models/exg/chrisan/lime_e/lime_e.vmdl","characters","False","4441"
"lime obsidian","characters/kianya/vrc/lime_obsidian/lime_obsidian.vmdl","characters","False","1194.7"
"lime obsidian white arms","characters/kianya/vrc/lime_obsidian/lime_obsidian_white_arms.vmdl","characters","True","205.2"
"lime witch","characters/models/exg/chrisan/lime_witch/lime_witch.vmdl","characters","False","4504.7"
"lime1","characters/models/lime/lime1.vmdl","characters","False","1079.8"
"lime2","characters/models/lime/lime2.vmdl","characters","False","1148.3"
"lime3","characters/models/lime/lime3.vmdl","characters","False","1498.2"
"lin","characters/models/lin/lin.vmdl","characters","False","1104.6"
"ling","characters/models/upkk/ling/ling.vmdl","characters","False","873.6"
"ling arm","characters/models/upkk/ling/ling_arm.vmdl","characters","True","129.1"
"ling nohitbox","characters/models/upkk/ling/ling_nohitbox.vmdl","characters","False","872.5"
"lingmeng","characters/models/lingmeng/lingmeng.vmdl","characters","False","1531.9"
"lingmeng","characters/models/upkk/lingmeng/lingmeng.vmdl","characters","False","432.4"
"lingmeng arm","characters/models/upkk/lingmeng/lingmeng_arm.vmdl","characters","True","172.6"
"lingmeng arms","characters/models/lingmeng/arms/lingmeng_arms.vmdl","characters","True","220.8"
"lingmeng nohitbox","characters/models/upkk/lingmeng/lingmeng_nohitbox.vmdl","characters","False","431.3"
"little mercury","characters/models/exg/ruiyiwelkin/little_mercury/little_mercury.vmdl","characters","False","2756.1"
"little tina","characters/models/exg/ruiyiwelkin/little_tina/little_tina.vmdl","characters","False","2860.5"
"liuying","characters/flux/liuying/liuying.vmdl","characters","False","720.9"
"liuying arms","characters/flux/liuying/liuying_arms.vmdl","characters","True","146.5"
"lmanuka","characters/models/neon/lmanuka/lmanuka.vmdl","characters","False","4109"
"long","characters/models/security/long.vmdl","characters","False","265.4"
"longniang","characters/flux/long_niang/longniang.vmdl","characters","False","280.6"
"longniang","characters/maoling/honkai_impact/creation/long_niang/longniang.vmdl","characters","False","800.8"
"longniang arms","characters/maoling/honkai_impact/creation/long_niang/arms/longniang_arms.vmdl","characters","True","223.1"
"longniang dummy","characters/flux/long_niang/longniang_dummy.vmdl","characters","False","760.7"
"lty","characters/models/upkk/kslty/lty.vmdl","characters","False","497.9"
"lty","characters/models/upkk/lty_china_dress/lty.vmdl","characters","False","1282"
"lty arm","characters/models/upkk/kslty/lty_arm.vmdl","characters","True","344.9"
"lty arm","characters/models/upkk/lty_china_dress/lty_arm.vmdl","characters","True","272.9"
"lty nohitbox","characters/models/upkk/kslty/lty_nohitbox.vmdl","characters","False","496.8"
"lty nohitbox","characters/models/upkk/lty_china_dress/lty_nohitbox.vmdl","characters","False","1280.9"
"lucia","characters/models/oylsister/pgr/lucia_crimsonwave/lucia.vmdl","characters","False","1070.1"
"lucia arms","characters/models/oylsister/pgr/lucia_crimsonwave/lucia_arms.vmdl","characters","True","3.5"
"luka","characters/93x/kimono_luka/luka.vmdl","characters","False","733.5"
"luka","characters/maoling/vocaloid/luka/baka/luka.vmdl","characters","False","879.1"
"luka","characters/models/upkk/luka_red_dress/luka.vmdl","characters","False","2169.1"
"luka arm","characters/models/upkk/luka_red_dress/luka_arm.vmdl","characters","True","64.1"
"luka arm","characters/models/upkk/sour_luka/luka_arm.vmdl","characters","True","105.8"
"luka arms","characters/93x/kimono_luka/arms/luka_arms.vmdl","characters","True","169.1"
"luka arms","characters/maoling/vocaloid/luka/baka/arms/luka_arms.vmdl","characters","True","144.8"
"luka arms prefab","characters/models/upkk/luka_red_dress/luka_arms_prefab.vmdl","characters","True","65.4"
"luka hb","characters/93x/kimono_luka/luka_hb.vmdl","characters","False","732.5"
"luka nohitbox","characters/models/upkk/luka_red_dress/luka_nohitbox.vmdl","characters","False","2168"
"luka prefab","characters/models/upkk/luka_red_dress/luka_prefab.vmdl","characters","False","1135.7"
"lukael","characters/models/exg/lukeal/lukael.vmdl","characters","False","1752"
"lulum","characters/models/lulum/lulum.vmdl","characters","False","1270.9"
"luna child","characters/models/mischievous_fairies/luna_child.vmdl","characters","False","947.3"
"lunalitt","characters/models/lunalitt/lunalitt.vmdl","characters","False","280.6"
"luoqixi","characters/models/exg/chrisan/luoqixi/luoqixi.vmdl","characters","False","1273.9"
"luoqixi arm","characters/models/exg/chrisan/luoqixi/luoqixi_arm.vmdl","characters","True","170"
"lushi","characters/models/lushi/lushi.vmdl","characters","False","1268.1"
"lvory","characters/models/manuka/lvory/lvory.vmdl","characters","False","1566"
"lxyh prefab","characters/models/hlym/lxyh/lxyh_prefab.vmdl","characters","False","753.5"
"ly","characters/models/exg/kukuka/ly/ly.vmdl","characters","False","1999"
"lynae","characters/models/asmodeus/lynae/lynae.vmdl","characters","False","2770.7"
"lyphos","characters/models/exg/lyphos/lyphos.vmdl","characters","False","1542.4"
"lyphos","characters/models/lyphos/lyphos.vmdl","characters","False","1317.7"
"lzebul","characters/models/kianya/vrc/lzebul/lzebul.vmdl","characters","False","3463.8"
"lzebul arms","characters/models/kianya/vrc/lzebul/lzebul_arms.vmdl","characters","True","198.7"
"m200","characters/models/aquaz/hoshistar/m200/m200.vmdl","characters","False","1419"
"machit","characters/models/machit/machit.vmdl","characters","False","990.5"
"madara","characters/models/oylsister/naruto/madara/madara.vmdl","characters","False","1305.4"
"madara hand","characters/models/oylsister/naruto/madara/madara_hand.vmdl","characters","False","96.6"
"mafuyu","characters/models/aquaz/hoshistar/mafuyu/mafuyu.vmdl","characters","False","1783"
"mafuyu","characters/models/exg/neon/mafuyu/mafuyu.vmdl","characters","False","3682.4"
"mafuyu","characters/models/mafuyu/mafuyu.vmdl","characters","False","9495.6"
"magic f","characters/maoling/misc/snowy/magic_f/magic_f.vmdl","characters","False","658"
"magic f arms","characters/maoling/misc/snowy/magic_f/arms/magic_f_arms.vmdl","characters","True","101.6"
"maid","characters/models/chunyuanxinnai/maid.vmdl","characters","False","1046"
"maid","characters/models/horiz/maid.vmdl","characters","False","1185.8"
"maid","characters/models/ibuki_suika/maid.vmdl","characters","False","4768.5"
"maid","characters/models/selestia/maid/maid.vmdl","characters","False","1258.8"
"maid","characters/models/senae/maid.vmdl","characters","False","1075.5"
"maid fairy","characters/models/zombie_fairy/maid_fairy.vmdl","characters","False","609.5"
"maid maya","characters/models/upkk/maid_maya/maid_maya.vmdl","characters","False","1909.9"
"maid maya nohitbox","characters/models/upkk/maid_maya/maid_maya_nohitbox.vmdl","characters","False","1908.9"
"maid midori","characters/models/exg/maid_midori/maid_midori.vmdl","characters","False","1501.6"
"maid moe","characters/models/upkk/maid_moe/maid_moe.vmdl","characters","False","1988"
"maid moe nohitbox","characters/models/upkk/maid_moe/maid_moe_nohitbox.vmdl","characters","False","1986.9"
"maid momoi","characters/models/exg/maid_momoi/maid_momoi.vmdl","characters","False","1522.4"
"maid shinano","characters/models/upkk/maid_shinano/maid_shinano.vmdl","characters","False","1840.3"
"maid shinano nohitbox","characters/models/upkk/maid_shinano/maid_shinano_nohitbox.vmdl","characters","False","1839.3"
"maki","characters/models/maki/maki.vmdl","characters","False","987.5"
"maki","characters/models/upkk/maki/maki.vmdl","characters","False","848.4"
"maki nohitbox","characters/models/upkk/maki/maki_nohitbox.vmdl","characters","False","847"
"maki q","characters/models/maki/maki_q.vmdl","characters","False","451.4"
"male male 07","characters/models/exg/bot04/male_male_07/male_male_07.vmdl","characters","False","248"
"malinarms","characters/models/le_malin/malinarms.vmdl","characters","False","76.8"
"mamehinata","characters/models/cs2ze/mamehinata/mamehinata.vmdl","characters","False","945.5"
"mamehinata","characters/models/exg/mamehinata/mamehinata.vmdl","characters","False","2291.6"
"mamehinata","characters/models/mukumi/mamehinata.vmdl","characters","False","788.4"
"mana","characters/models/mana/mana.vmdl","characters","False","2397"
"mana","characters/models/upkk/mana/mana.vmdl","characters","False","479.5"
"mana","characters/models/upkk/manuka/mana.vmdl","characters","False","479.6"
"mana arm","characters/models/upkk/mana/mana_arm.vmdl","characters","True","89.8"
"mana arms","characters/models/mana/mana_arms.vmdl","characters","True","221.8"
"mana arms prefab","characters/models/hlym/mana/mana_arms_prefab.vmdl","characters","True","83.5"
"mana maid arms prefab","characters/models/hlym/mana_maid/mana_maid_arms_prefab.vmdl","characters","True","75.3"
"mana maid prefab","characters/models/hlym/mana_maid/mana_maid_prefab.vmdl","characters","False","441.8"
"mana nohitbox","characters/models/upkk/mana/mana_nohitbox.vmdl","characters","False","478.4"
"mana prefab","characters/models/hlym/mana/mana_prefab.vmdl","characters","False","430.9"
"mana2","characters/models/mana/cloth2/mana2.vmdl","characters","False","1079.2"
"manba","characters/models/exg/manba/manba.vmdl","characters","False","922.1"
"manbo","characters/models/exg/doki/somemb/manbo.vmdl","characters","False","506.9"
"manuka","characters/models/upkk/manuka/manuka.vmdl","characters","False","1052.8"
"manuka arm","characters/models/upkk/manuka/manuka_arm.vmdl","characters","True","142.4"
"manuka fubuki","characters/models/upkk/manuka_fubuki/manuka_fubuki.vmdl","characters","False","1718.8"
"manuka fubuki nohitbox","characters/models/upkk/manuka_fubuki/manuka_fubuki_nohitbox.vmdl","characters","False","1713.7"
"manuka mari","characters/models/exg/manuka_mari/manuka_mari.vmdl","characters","False","9831.7"
"manuka nohitbox","characters/models/upkk/manuka/manuka_nohitbox.vmdl","characters","False","1051.8"
"maocangwei","characters/models/exg/maocangwei/maocangwei.vmdl","characters","False","1693.8"
"maonian","characters/flux/maonian/maonian.vmdl","characters","False","1177.5"
"maoniang","characters/flux/maoniang/maoniang.vmdl","characters","False","1207.1"
"maoniang arms","characters/flux/maoniang/maoniang_arms.vmdl","characters","True","103.2"
"maonianj arms","characters/flux/maonian/maonianj_arms.vmdl","characters","True","90.2"
"march7","characters/models/exg/march_7/march7.vmdl","characters","False","488"
"mari","characters/models/upkk/iochi_mari/mari.vmdl","characters","False","577.5"
"mari arm","characters/models/upkk/iochi_mari/mari_arm.vmdl","characters","True","54.7"
"mari nohitbox","characters/models/upkk/iochi_mari/mari_nohitbox.vmdl","characters","False","576.3"
"mari v1","characters/models/upkk/mari_v1/mari_v1.vmdl","characters","False","1078.8"
"mari v1 arms","characters/models/upkk/mari_v1/mari_v1_arms.vmdl","characters","True","77.6"
"mari v1 nohitbox","characters/models/upkk/mari_v1/mari_v1_nohitbox.vmdl","characters","False","1071.4"
"marisa","characters/models/marisa/marisa.vmdl","characters","False","1117.4"
"marshmallow","characters/models/upkk/byd_cat/marshmallow/marshmallow.vmdl","characters","False","1042.4"
"marshmallow nohitbox","characters/models/upkk/byd_cat/marshmallow/marshmallow_nohitbox.vmdl","characters","False","1041.4"
"marsoc squad","characters/models/exg/ruiyiwelkin/marsoc_squad/marsoc_squad.vmdl","characters","False","566.9"
"mary","characters/models/mary/mary.vmdl","characters","False","1704.9"
"mary q","characters/models/mary/mary_q.vmdl","characters","False","581.3"
"mashu1","characters/models/exg/mashu/mashu1.vmdl","characters","False","1250.9"
"mashuu","characters/models/aquaz/hoshistar/mashu/mashuu.vmdl","characters","False","1134.6"
"master chief","characters/models/kolka/master_chief/master_chief.vmdl","characters","False","410.1"
"master chief","characters/models/s2ze/master_chief/master_chief.vmdl","characters","False","422.1"
"master chief arms","characters/models/kolka/master_chief/master_chief_arms.vmdl","characters","True","94.1"
"master chief arms","characters/models/s2ze/master_chief/master_chief_arms.vmdl","characters","True","177.6"
"master chief low","characters/models/s2ze/master_chief/low/master_chief_low.vmdl","characters","False","242"
"master chief low nohitbox","characters/models/s2ze/master_chief/low/master_chief_low_nohitbox.vmdl","characters","False","240"
"master chief nohitbox","characters/models/s2ze/master_chief/master_chief_nohitbox.vmdl","characters","False","420.2"
"matika","characters/models/oylsister/uma_musume/matika/matika.vmdl","characters","False","442.5"
"matika arms","characters/models/oylsister/uma_musume/matika/matika_arms.vmdl","characters","True","199.2"
"matika2","characters/models/oylsister/uma_musume/matika/matika2.vmdl","characters","False","442.5"
"matikanetannhauser","characters/maoling/pretty_derby/matikanetannhauser/matikanetannhauser.vmdl","characters","False","632.6"
"matikanetannhauser arms","characters/maoling/pretty_derby/matikanetannhauser/arms/matikanetannhauser_arms.vmdl","characters","True","188.8"
"mavuika","characters/models/oylsister/genshin/mavuika/mavuika.vmdl","characters","False","1279.4"
"mavuika arms","characters/models/oylsister/genshin/mavuika/mavuika_arms.vmdl","characters","True","125.2"
"mavuika2","characters/models/oylsister/genshin/mavuika/mavuika2.vmdl","characters","False","1278.2"
"maya","characters/models/aquaz/hoshistar/maya/maya.vmdl","characters","False","1497.3"
"maya","characters/models/upkk/maya/maya.vmdl","characters","False","563.5"
"maya arm","characters/models/upkk/maya/maya_arm.vmdl","characters","True","117"
"maya b","characters/models/exg/mmy/maya_b/maya_b.vmdl","characters","False","2327.6"
"maya nohitbox","characters/models/upkk/maya/maya_nohitbox.vmdl","characters","False","562.4"
"mayaa","characters/models/exg/qiliu/mayaa/mayaa.vmdl","characters","False","3967.1"
"mayab","characters/models/exg/qiliu/mayab/mayab.vmdl","characters","False","3486.4"
"mayab rock","characters/models/exg/qiliu/particle_kill/mayab/models/mayab_rock.vmdl","characters","False","17.5"
"mcat","characters/models/exg/mcat/mcat.vmdl","characters","False","862.8"
"mea","characters/models/upkk/mea/mea.vmdl","characters","False","393.2"
"mea arm","characters/models/upkk/mea/mea_arm.vmdl","characters","True","93.4"
"mea nohitbox","characters/models/upkk/mea/mea_nohitbox.vmdl","characters","False","392.1"
"megu","characters/models/exg/sd_megu/megu.vmdl","characters","False","525.2"
"megumi player model","characters/models/nozb1/megumi_player_model/megumi_player_model.vmdl","characters","False","198.4"
"megumi pm arm","characters/models/nozb1/megumi_player_model/megumi_pm_arm.vmdl","characters","True","34.8"
"megurine luka swimsuit","characters/models/exg/bot04/megurine_luka_swimsuit/megurine_luka_swimsuit.vmdl","characters","False","1461.7"
"meguru","characters/models/meguru/meguru.vmdl","characters","False","3554.7"
"meiyun","characters/models/cs2ze/meiyun_exg/meiyun.vmdl","characters","False","2548.2"
"mejiro","characters/maoling/pretty_derby/mejiro/mejiro.vmdl","characters","False","565.1"
"mejiro arms","characters/maoling/pretty_derby/mejiro/arms/mejiro_arms.vmdl","characters","True","104.4"
"meng","characters/models/aquaz/hoshistar/meng/meng.vmdl","characters","False","12570.9"
"merkuria","characters/models/exg/ruiyiwelkin/al_pamiat_merkuria/merkuria.vmdl","characters","False","3610"
"merlin","characters/maoling/fate_go/merlin/female/merlin.vmdl","characters","False","886.7"
"merlin arms","characters/maoling/fate_go/merlin/female/arms/merlin_arms.vmdl","characters","True","150.5"
"metatron","characters/models/stardust/metatron.vmdl","characters","False","11.1"
"metro cop","characters/models/kolka/metro_cop/metro_cop.vmdl","characters","False","442.6"
"metro cop arms","characters/models/kolka/metro_cop/metro_cop_arms.vmdl","characters","True","84.2"
"mia","characters/models/exg/mia/mia.vmdl","characters","False","1316.6"
"michele","characters/models/upkk/michele/michele.vmdl","characters","False","626.1"
"michele arm","characters/models/upkk/michele/michele_arm.vmdl","characters","True","78.1"
"michele nohitbox","characters/models/upkk/michele/michele_nohitbox.vmdl","characters","False","623.9"
"midori","characters/models/exg/midori/midori.vmdl","characters","False","1407.6"
"mika","characters/models/exg/mika/mika.vmdl","characters","False","546.8"
"mika","characters/models/flux/nuclearsilo_mika/mika.vmdl","characters","False","280.6"
"mika","characters/models/mika/mika.vmdl","characters","False","1024.6"
"mika","characters/models/mika/q/mika.vmdl","characters","False","383.5"
"mika","characters/models/oylsister/blue_archive/mika/mika.vmdl","characters","False","2076.1"
"mika","characters/models/upkk/mika/mika.vmdl","characters","False","639.3"
"mika arm","characters/models/upkk/mika/mika_arm.vmdl","characters","True","80.9"
"mika arms","characters/models/oylsister/blue_archive/mika/mika_arms.vmdl","characters","True","186.7"
"mika nohitbox","characters/models/upkk/mika/mika_nohitbox.vmdl","characters","False","638.2"
"mika sheep","characters/models/exg/mika_sheep/mika_sheep.vmdl","characters","False","1696.4"
"miko","characters/models/selestia/miko/miko.vmdl","characters","False","1855.3"
"miko","characters/models/shiroi/miko.vmdl","characters","False","1487.7"
"miku","characters/flux/miku/miku.vmdl","characters","False","2683.4"
"miku","characters/maoling/vocaloid/hatsune_miku/racing_2015/miku.vmdl","characters","False","773.8"
"miku","characters/models/exg/hatsune_miku/miku.vmdl","characters","False","577"
"miku","characters/models/miku/10th/miku.vmdl","characters","False","873.6"
"miku","characters/models/miku/miku.vmdl","characters","False","353.1"
"miku","characters/models/upkk/miku_red_kimono/miku.vmdl","characters","False","457.5"
"miku arm","characters/models/upkk/miku_red_kimono/miku_arm.vmdl","characters","True","127"
"miku arm","characters/models/upkk/sour_miku/miku_arm.vmdl","characters","True","149.1"
"miku arms","characters/flux/miku/miku_arms.vmdl","characters","True","224.7"
"miku arms","characters/maoling/vocaloid/hatsune_miku/racing_2015/arms/miku_arms.vmdl","characters","True","218.4"
"miku nohitbox","characters/models/upkk/miku_red_kimono/miku_nohitbox.vmdl","characters","False","456.4"
"miku orange blossom","characters/models/upkk/miku_orange_blossom/miku_orange_blossom.vmdl","characters","False","2264.6"
"miku orange blossom nohitbox","characters/models/upkk/miku_orange_blossom/miku_orange_blossom_nohitbox.vmdl","characters","False","2263.7"
"miku sea player model","characters/models/nozb1/miku_sea_player_model/miku_sea_player_model.vmdl","characters","False","115.9"
"miku sea pm arm","characters/models/nozb1/miku_sea_player_model/miku_sea_pm_arm.vmdl","characters","True","30.8"
"miku2","characters/models/miku/miku2.vmdl","characters","False","378.2"
"miku3","characters/models/miku/miku3.vmdl","characters","False","1808.4"
"mikuarms","characters/models/rabbitholemiku/mikuarms.vmdl","characters","False","163.1"
"milfy","characters/models/aquaz/hoshistar/milfy/milfy.vmdl","characters","False","2711"
"milfy","characters/models/exg/aili/milfy/milfy.vmdl","characters","False","2178.5"
"milfy peaceofst","characters/models/exg/chrisan/milfy/milfy_peaceofst.vmdl","characters","False","4123.6"
"milltina","characters/models/aquaz/hoshistar/milltina/milltina.vmdl","characters","False","3936.9"
"milltina","characters/models/upkk/milltina/milltina.vmdl","characters","False","2038.1"
"milltina maid","characters/models/hime/milltina_maid/milltina_maid.vmdl","characters","False","3112.4"
"milltina maid","characters/models/upkk/milltina_maid/milltina_maid.vmdl","characters","False","2245.5"
"milltina maid arms","characters/models/upkk/milltina_maid/milltina_maid_arms.vmdl","characters","True","347.3"
"milltina nohitbox","characters/models/upkk/milltina/milltina_nohitbox.vmdl","characters","False","2037.6"
"milltina sleepdress","characters/models/upkk/milltina_sleepdress/milltina_sleepdress.vmdl","characters","False","1738.2"
"milltina sleepdress arms","characters/models/upkk/milltina_sleepdress/milltina_sleepdress_arms.vmdl","characters","True","242.2"
"milltina sleepdress nohitbox","characters/models/upkk/milltina_sleepdress/milltina_sleepdress_nohitbox.vmdl","characters","False","1737.5"
"milltina vrc","characters/models/exg/milltina/milltina_vrc.vmdl","characters","False","2623.8"
"minahoshi","characters/models/exg/minahoshi/minahoshi.vmdl","characters","False","4192.5"
"minahoshi","characters/models/mukumi/minahoshi.vmdl","characters","False","1263"
"minato aqua sailor","characters/models/aquaz/hoshistar/minato_aqua/minato_aqua_sailor.vmdl","characters","False","1383.9"
"minatoaqua","characters/models/minatoaqua/minatoaqua.vmdl","characters","False","406.5"
"minatoaqua nohitbox","characters/models/minatoaqua/minatoaqua_nohitbox.vmdl","characters","False","404.9"
"mine","characters/models/exg/sd_mine/mine.vmdl","characters","False","530.2"
"minecraft pig","characters/models/aquaz/hoshistar/minecraft_pig/minecraft_pig.vmdl","characters","False","25.9"
"mint","characters/models/exg/qiliu/mint/mint.vmdl","characters","False","2480.8"
"mio","characters/models/lin/mio.vmdl","characters","False","1544"
"misaki","characters/models/exg/misaki/misaki.vmdl","characters","False","496"
"misonomika","characters/models/exg/misono_mika/misonomika.vmdl","characters","False","1743.1"
"miy","characters/models/flandre_scarlet/miy/miy.vmdl","characters","False","880"
"miy","characters/models/koishi/miy.vmdl","characters","False","760.4"
"miy","characters/models/marisa/miy/miy.vmdl","characters","False","757"
"miy","characters/models/remilia_scarlet/miy/miy.vmdl","characters","False","842.1"
"miy","characters/models/satori/miy.vmdl","characters","False","988"
"miy","characters/models/senae/miy.vmdl","characters","False","767.5"
"miyabi","characters/maoling/zenless_zone_zero/hoshimi_miyabi/normal/miyabi.vmdl","characters","False","899.6"
"miyabi arms","characters/maoling/zenless_zone_zero/hoshimi_miyabi/normal/arms/miyabi_arms.vmdl","characters","True","195.9"
"miyako","characters/models/koharu/blue_archive/tsukiyuki_miyako/miyako.vmdl","characters","False","4180.4"
"miyako arms","characters/models/koharu/blue_archive/tsukiyuki_miyako/miyako_arms.vmdl","characters","True","328.6"
"miyazaki","characters/models/miyazaki/miyazaki.vmdl","characters","False","372.2"
"miyazaki","characters/models/upkk/winter_miyazaki/miyazaki.vmdl","characters","False","360.3"
"miyazaki arm","characters/models/upkk/winter_miyazaki/miyazaki_arm.vmdl","characters","True","67.5"
"miyazaki arms","characters/models/miyazaki/miyazaki_arms.vmdl","characters","True","62"
"miyazaki nohitbox","characters/models/upkk/winter_miyazaki/miyazaki_nohitbox.vmdl","characters","False","359.2"
"miyu","characters/models/cs2ze/miyu/miyu.vmdl","characters","False","1563"
"miyu","characters/models/miyu/miyu.vmdl","characters","False","1323.5"
"miyu","characters/models/oylsister/blue_archive/miyu/miyu.vmdl","characters","False","892.3"
"miyu","characters/models/upkk/miyu/miyu.vmdl","characters","False","969.2"
"miyu","characters/models/upkk/vrc_miyu/miyu.vmdl","characters","False","1213.5"
"miyu arm","characters/models/upkk/miyu/miyu_arm.vmdl","characters","True","49.4"
"miyu arm","characters/models/upkk/vrc_miyu/miyu_arm.vmdl","characters","True","287.7"
"miyu arms","characters/models/miyu/miyu_arms.vmdl","characters","True","107.1"
"miyu arms","characters/models/oylsister/blue_archive/miyu/miyu_arms.vmdl","characters","True","52.8"
"miyu nohitbox","characters/models/upkk/miyu/miyu_nohitbox.vmdl","characters","False","967.8"
"miyu nohitbox","characters/models/upkk/vrc_miyu/miyu_nohitbox.vmdl","characters","False","1212.5"
"miyu schoolgirl arms prefab","characters/models/hlym/miyu_schoolgirl/miyu_schoolgirl_arms_prefab.vmdl","characters","True","56.9"
"miyu schoolgirl prefab","characters/models/hlym/miyu_schoolgirl/miyu_schoolgirl_prefab.vmdl","characters","False","518.2"
"mizuki","characters/kianya/vrc/mizuki/mizuki.vmdl","characters","False","2795.4"
"mizuki","characters/models/exg/chrisan/mizuki/mizuki.vmdl","characters","False","2930.4"
"mizuki arms","characters/kianya/vrc/mizuki/mizuki_arms.vmdl","characters","True","234"
"mkj","characters/flux/mkj/mkj.vmdl","characters","False","1145.9"
"mkj arms","characters/flux/mkj/mkj_arms.vmdl","characters","True","75.5"
"mm xilian","characters/models/aquaz/hoshistar/mm_xilian/mm_xilian.vmdl","characters","False","1523.6"
"mmd arms","characters/models/oylsister/template/mmd_new/mmd_arms.vmdl","characters","True","3.5"
"mmd arms","characters/models/oylsister/template/mmd/mmd_arms.vmdl","characters","True","3.4"
"mmd template","characters/models/oylsister/template/mmd_new/mmd_template.vmdl","characters","False","25.6"
"mmd template","characters/models/oylsister/template/mmd/mmd_template.vmdl","characters","False","28.1"
"moe","characters/models/aquaz/hoshistar/moe/moe.vmdl","characters","False","1536.8"
"moe","characters/models/upkk/moe/moe.vmdl","characters","False","911.1"
"moe aegis","characters/models/exg/ruiyiwelkin/moe_aegis/moe_aegis.vmdl","characters","False","2657.5"
"moe arm","characters/models/upkk/moe/moe_arm.vmdl","characters","True","142"
"moe nohitbox","characters/models/upkk/moe/moe_nohitbox.vmdl","characters","False","910"
"moe obs","characters/models/aquaz/hoshistar/moe_obs/moe_obs.vmdl","characters","False","3235.3"
"moe summer","characters/models/aquaz/hoshistar/moe_summer/moe_summer.vmdl","characters","False","3075.3"
"moe waltz","characters/models/aquaz/hoshistar/moe_waltz/moe_waltz.vmdl","characters","False","2763.7"
"molana","characters/models/upkk/molana/molana.vmdl","characters","False","625.3"
"molana nohitbox","characters/models/upkk/molana/molana_nohitbox.vmdl","characters","False","624.3"
"momiji","characters/models/momiji/momiji.vmdl","characters","False","749.5"
"momoi","characters/models/exg/momoi/momoi.vmdl","characters","False","1425.2"
"momoyi","characters/models/momoyi/momoyi.vmdl","characters","False","729.2"
"monai","characters/models/monai/monai.vmdl","characters","False","3166.9"
"mononobe alice","characters/models/keung/mononobe_alice/mononobe_alice.vmdl","characters","False","1085.6"
"mononobe alice arms","characters/models/keung/mononobe_alice/mononobe_alice_arms.vmdl","characters","True","64.8"
"moonpurplearia","characters/models/moonpurplearia/moonpurplearia.vmdl","characters","False","532.3"
"morichika rinnosuke","characters/models/morichika_rinnosuke/morichika_rinnosuke.vmdl","characters","False","765.2"
"mornye","characters/models/asmodeus/mornye/mornye.vmdl","characters","False","2772.5"
"motoori kosuzu nohitbox","characters/models/motoori_kosuzu/motoori_kosuzu_nohitbox.vmdl","characters","False","501"
"muerta leaves","characters/models/upkk/vsinger/particles/materials/muerta_leaves.vmdl","characters","False","7.3"
"muerta leaves2","characters/models/upkk/vsinger/particles/materials/muerta_leaves2.vmdl","characters","False","4.5"
"muerta leaves3","characters/models/upkk/vsinger/particles/materials/muerta_leaves3.vmdl","characters","False","4.9"
"mur","characters/models/s2ze/mur/mur.vmdl","characters","False","123.9"
"murasame","characters/models/murasame/murasame.vmdl","characters","False","1461"
"murasame","characters/models/upkk/congyu/murasame.vmdl","characters","False","547.2"
"murasame arms","characters/models/murasame/murasame_arms.vmdl","characters","True","172"
"murasame arms","characters/models/upkk/congyu/arms/murasame_arms.vmdl","characters","True","165.9"
"murasame nohitbox","characters/models/upkk/congyu/murasame_nohitbox.vmdl","characters","False","546.1"
"muzi qkl","characters/models/exg/aili/muzi1/muzi_qkl.vmdl","characters","False","2764.1"
"myers","characters/models/exg/myers/myers.vmdl","characters","False","575.1"
"myoya","characters/models/ub/myoya/myoya.vmdl","characters","False","1420.6"
"mzlty prefab","characters/models/hlym/mzlty/mzlty_prefab.vmdl","characters","False","1031.8"
"nacho neko","characters/models/exg/bot04/nacho_neko.vmdl","characters","False","955"
"nacho neko","characters/models/nacho_neko/nacho_neko.vmdl","characters","False","886"
"nachoneko","characters/models/bot04/nachoneko.vmdl","characters","False","712.3"
"nachoneko arms","characters/models/bot04/nachoneko_arms.vmdl","characters","True","116.6"
"nagisa","characters/models/exg/sd_nagisa/nagisa.vmdl","characters","False","535.8"
"nahida","characters/models/uru/gm/genshin/nahida/nahida.vmdl","characters","False","951"
"nahida arms","characters/models/uru/gm/genshin/nahida/nahida_arms.vmdl","characters","True","102.1"
"nainiu3 arms","characters/models/ub/nainiu2/nainiu3_arms.vmdl","characters","True","320.2"
"nainiu3 arms","characters/models/ub/nainiu3/nainiu3_arms.vmdl","characters","True","320.2"
"nainiu3 arms","characters/models/ub/nainiu4/nainiu3_arms.vmdl","characters","True","320.2"
"nainiu3 playermodel","characters/models/ub/nainiu2/nainiu3_playermodel.vmdl","characters","False","5017.5"
"nainiu3 playermodel","characters/models/ub/nainiu3/nainiu3_playermodel.vmdl","characters","False","4648.2"
"nainiu3 playermodel","characters/models/ub/nainiu4/nainiu3_playermodel.vmdl","characters","False","4552.9"
"nakano","characters/models/upkk/nakano_miku/nakano.vmdl","characters","False","674.4"
"nakano arm","characters/models/upkk/nakano_miku/nakano_arm.vmdl","characters","True","173.9"
"nakano nohitbox","characters/models/upkk/nakano_miku/nakano_nohitbox.vmdl","characters","False","673.3"
"nanoka sk2model","characters/models/hmn_sk2/honkai_starrail/nanoka/nanoka_sk2model.vmdl","characters","False","371.3"
"nanoka sk2modelarm","characters/models/hmn_sk2/honkai_starrail/nanoka/nanoka_sk2modelarm.vmdl","characters","False","103.4"
"naruto","characters/models/exg/naruto/naruto.vmdl","characters","False","355.4"
"neco arc","characters/models/s2ze/neco_arc/neco_arc.vmdl","characters","False","546.6"
"neco arc arms","characters/models/s2ze/neco_arc/neco_arc_arms.vmdl","characters","True","22.8"
"neco arc nohitbox","characters/models/s2ze/neco_arc/neco_arc_nohitbox.vmdl","characters","False","545.7"
"necoarc","characters/models/exg/necoarc/necoarc.vmdl","characters","False","5415.7"
"necoarc arm","characters/models/nozb1/necoarc_player_model/necoarc_arm.vmdl","characters","True","53.8"
"necoarc player model","characters/models/nozb1/necoarc_player_model/necoarc_player_model.vmdl","characters","False","220.7"
"necoarc player model nohitbox","characters/models/nozb1/necoarc_player_model/necoarc_player_model_nohitbox.vmdl","characters","False","205.4"
"neeko","characters/models/exg/neeko/neeko.vmdl","characters","False","852.2"
"neeko","characters/models/upkk/neeko/neeko.vmdl","characters","False","683.9"
"neeko arm","characters/models/upkk/neeko/neeko_arm.vmdl","characters","True","139.8"
"neeko nohitbox","characters/models/upkk/neeko/neeko_nohitbox.vmdl","characters","False","682.9"
"neil","characters/models/upkk/neil/neil.vmdl","characters","False","676.8"
"neil arm","characters/models/upkk/neil/neil_arm.vmdl","characters","True","193.5"
"neil nohitbox","characters/models/upkk/neil/neil_nohitbox.vmdl","characters","False","675.7"
"nekoarc","characters/models/upkk/nekoarc/nekoarc.vmdl","characters","False","830.4"
"nekoarc arms","characters/models/upkk/nekoarc/nekoarc_arms.vmdl","characters","True","1079.4"
"nekoarc nohitbox","characters/models/upkk/nekoarc/nekoarc_nohitbox.vmdl","characters","False","829.5"
"nekoha","characters/models/exg/nekoha/nekoha.vmdl","characters","False","643.4"
"nekomimi","characters/models/upkk/byd_cat/nekomimi/nekomimi.vmdl","characters","False","1441.6"
"nekomimi nohitbox","characters/models/upkk/byd_cat/nekomimi/nekomimi_nohitbox.vmdl","characters","False","1439.6"
"nepgear","characters/models/nepgear/nepgear.vmdl","characters","False","579.7"
"neptune","characters/models/neptune/neptune.vmdl","characters","False","458.7"
"neptunia adultneptune","characters/models/toppi/neptunia/neptunia_adultneptune.vmdl","characters","False","1183.7"
"neptunia adultneptune arms","characters/models/toppi/neptunia/neptunia_adultneptune_arms.vmdl","characters","True","176.8"
"neptunia adultneptune nohbox","characters/models/toppi/neptunia/neptunia_adultneptune_nohbox.vmdl","characters","False","1181.4"
"neru l","characters/models/upkk/neru_l/neru_l.vmdl","characters","False","521.2"
"neru l arms","characters/models/upkk/neru_l/neru_l_arms.vmdl","characters","True","99.4"
"neru l arms prefab","characters/models/hlym/neru_l/neru_l_arms_prefab.vmdl","characters","True","102.8"
"neru l nohitbox","characters/models/upkk/neru_l/neru_l_nohitbox.vmdl","characters","False","520.4"
"neru l prefab","characters/models/hlym/neru_l/neru_l_prefab.vmdl","characters","False","565.5"
"neru l prefab nohitbox","characters/models/hlym/neru_l/neru_l_prefab_nohitbox.vmdl","characters","False","564.4"
"nia player model","characters/models/nozb1/nia_player_model/nia_player_model.vmdl","characters","False","285.6"
"nia pm arm","characters/models/nozb1/nia_player_model/nia_pm_arm.vmdl","characters","True","64.4"
"nian","characters/models/upkk/nian/nian.vmdl","characters","False","397.5"
"nian arm","characters/models/upkk/nian/nian_arm.vmdl","characters","True","227.7"
"nian nohitbox","characters/models/upkk/nian/nian_nohitbox.vmdl","characters","False","396.5"
"nilou","characters/maoling/genshin_impact/nilou/normal/nilou.vmdl","characters","False","727.6"
"nilou arms","characters/maoling/genshin_impact/nilou/normal/arms/nilou_arms.vmdl","characters","True","111.7"
"niujiajun","characters/models/2en0w/niujiajun/niujiajun.vmdl","characters","False","155.1"
"niunai delta","characters/models/nimiki/niunai_delta/niunai_delta.vmdl","characters","False","1821.4"
"niunai gign","characters/models/exg/nimiki/niunai_gign/niunai_gign.vmdl","characters","False","1244.3"
"niunai sas","characters/models/nimiki/niunai_sas/niunai_sas.vmdl","characters","False","1185.4"
"niunai07","characters/models/us/niunai07.vmdl","characters","False","957.4"
"nix","characters/models/aquaz/hoshistar/nix/nix.vmdl","characters","False","2247.9"
"noa arms","characters/models/oylsister/blue_archive/noa/noa_arms.vmdl","characters","True","112.2"
"noa main","characters/models/oylsister/blue_archive/noa/noa_main.vmdl","characters","False","881.7"
"nonomi","characters/models/exg/nonomi/nonomi.vmdl","characters","False","416.8"
"normal","characters/models/liuhanhuangdou/normal.vmdl","characters","False","87.3"
"normal","characters/models/normal/normal.vmdl","characters","False","87.3"
"normal","characters/models/sense/normal.vmdl","characters","False","87.3"
"normal fairy","characters/models/zombie_fairy/normal_fairy.vmdl","characters","False","557.3"
"normal item","characters/models/normal/normal_item.vmdl","characters","False","87.2"
"normal01 zombie","characters/models/shared/zombies/normal01_zombie.vmdl","characters","False","107"
"normal02 zombie","characters/models/shared/zombies/normal02_zombie.vmdl","characters","False","106.1"
"normal2","characters/models/normal/normal2.vmdl","characters","False","86.1"
"normal2","characters/models/normal2/normal2.vmdl","characters","False","87.2"
"normal3","characters/models/cs2ze/normal3/normal3.vmdl","characters","False","87.3"
"normal3","characters/models/normal/normal3.vmdl","characters","False","69"
"normal4","characters/models/cs2ze/normal4/normal4.vmdl","characters","False","87.3"
"normal5","characters/models/cs2ze/normal5/normal5.vmdl","characters","False","87.3"
"nozomi","characters/models/nozomi/nozomi.vmdl","characters","False","2363.7"
"nozomi","characters/models/oylsister/blue_archive/nozomi/nozomi.vmdl","characters","False","644.2"
"nozomi2","characters/models/oylsister/blue_archive/nozomi/nozomi2.vmdl","characters","False","644.2"
"nvboss","characters/models/nvboss/nvboss.vmdl","characters","False","1248.2"
"nvpu","characters/flux/nvpu/nvpu.vmdl","characters","False","1277.4"
"nvpu arms","characters/flux/nvpu/nvpu_arms.vmdl","characters","True","71.5"
"nyao mao","characters/models/upkk/nyao_mao/nyao_mao.vmdl","characters","False","2317.7"
"nyao mao nohitbox","characters/models/upkk/nyao_mao/nyao_mao_nohitbox.vmdl","characters","False","2316.7"
"octodad black","characters/kuristaja/octodad/octodad_black.vmdl","characters","False","127"
"octodad black arms","characters/kuristaja/octodad/arms/octodad_black_arms.vmdl","characters","True","131.8"
"octodad black nohb","characters/kuristaja/octodad/octodad_black_nohb.vmdl","characters","False","125.8"
"octodad blue","characters/kuristaja/octodad/octodad_blue.vmdl","characters","False","127"
"octodad blue arms","characters/kuristaja/octodad/arms/octodad_blue_arms.vmdl","characters","True","131.7"
"octodad blue nohb","characters/kuristaja/octodad/octodad_blue_nohb.vmdl","characters","False","125.8"
"octodad tuxedo","characters/kuristaja/octodad/octodad_tuxedo.vmdl","characters","False","132.5"
"octodad tuxedo nohb","characters/kuristaja/octodad/octodad_tuxedo_nohb.vmdl","characters","False","131.3"
"okunoda miyoi","characters/models/okunoda_miyoi/okunoda_miyoi.vmdl","characters","False","815.3"
"olga","characters/models/olga/olga.vmdl","characters","False","304.9"
"origami","characters/models/upkk/origami/origami.vmdl","characters","False","434.5"
"origami arm","characters/models/upkk/origami/origami_arm.vmdl","characters","True","121.5"
"origami nohitbox","characters/models/upkk/origami/origami_nohitbox.vmdl","characters","False","432.5"
"origami v2","characters/models/upkk/origami_v2/origami_v2.vmdl","characters","False","2586.6"
"origami v2 nohitbox","characters/models/upkk/origami_v2/origami_v2_nohitbox.vmdl","characters","False","2569.2"
"p1","characters/models/2en0w/exg_2dlod/p1.vmdl","characters","False","4.3"
"p2","characters/models/2en0w/exg_2dlod/p2.vmdl","characters","False","4.3"
"padoru","characters/models/pendragon/padoru/padoru.vmdl","characters","False","554.3"
"pardofelis","characters/models/exg/pardofelis/pardofelis.vmdl","characters","False","2788.5"
"pecorine","characters/models/kianya/pecorine/pecorine.vmdl","characters","False","3367"
"pecorine arms","characters/models/kianya/pecorine/pecorine_arms.vmdl","characters","True","569.1"
"peely","characters/models/keung/peely/peely.vmdl","characters","False","195.4"
"peely arms","characters/models/keung/peely/peely_arms.vmdl","characters","True","56.7"
"peila","characters/flux/peila/peila.vmdl","characters","False","605.7"
"peila arms","characters/flux/peila/peila_arms.vmdl","characters","True","84.2"
"penglai","characters/models/alice/penglai/penglai.vmdl","characters","False","846.5"
"pepe player model nohitbox","characters/models/nozb1/pepe_player_model/pepe_player_model_nohitbox.vmdl","characters","False","336.3"
"pepe pm arm","characters/models/nozb1/pepe_player_model/pepe_pm_arm.vmdl","characters","True","210.7"
"pet","characters/models/unicorn/pet.vmdl","characters","False","65.5"
"pikachu","characters/models/exg/pikachu/pikachu.vmdl","characters","False","980.3"
"pink q","characters/models/momoyi/pink_q.vmdl","characters","False","402.1"
"pink q maid","characters/models/momoyi/pink_q_maid.vmdl","characters","False","319.9"
"plana","characters/models/aquaz/hoshistar/plana/plana.vmdl","characters","False","7478.6"
"planetarium","characters/models/planetarium/planetarium.vmdl","characters","False","1247.3"
"player start v3","characters/models/7ychu5/player_start_v3.vmdl","characters","False","2004"
"player start v4","characters/models/7ychu5/player_start_v4.vmdl","characters","False","1987.2"
"pmnn","characters/flux/pmnn/pmnn.vmdl","characters","False","361.4"
"pmnn arms","characters/flux/pmnn/pmnn_arms.vmdl","characters","True","72.5"
"police zombie","characters/models/shared/zombies/police_zombie.vmdl","characters","False","206.9"
"polosu","characters/models/exg/kx/polosu/polosu.vmdl","characters","False","893.1"
"pontifex","characters/models/upkk/pontifex/pontifex.vmdl","characters","False","435"
"pontifex arm","characters/models/upkk/pontifex/pontifex_arm.vmdl","characters","True","246.2"
"pontifex nohitbox","characters/models/upkk/pontifex/pontifex_nohitbox.vmdl","characters","False","433.9"
"poppi qt","characters/models/toppi/poppi_qt/poppi_qt.vmdl","characters","False","510.4"
"professor niyaniya","characters/models/exg/bot04/professor_niyaniya/professor_niyaniya.vmdl","characters","False","1304.1"
"provence","characters/models/provence/provence.vmdl","characters","False","888.6"
"provence arms","characters/models/provence/provence_arms.vmdl","characters","True","180"
"pulana","characters/models/pulana/pulana.vmdl","characters","False","844.1"
"qianyu","characters/models/qianyu/qianyu.vmdl","characters","False","1501.2"
"qianyu2","characters/models/qianyu/qianyu2.vmdl","characters","False","1296.7"
"qifeng","characters/models/aili/qifeng_a/qifeng.vmdl","characters","False","2496.3"
"qifeng","characters/models/exg/aili/qifeng_a/qifeng.vmdl","characters","False","1545.9"
"qifeng a","characters/models/aili/qifeng_b/qifeng_a.vmdl","characters","False","2262.7"
"qifeng a","characters/models/exg/aili/qifeng_b/qifeng_a.vmdl","characters","False","1397.6"
"qihaiqianqiu","characters/models/qihaiqianqiu/qihaiqianqiu.vmdl","characters","False","1991.6"
"qinli","characters/models/cs2ze/wuheqinli/qinli.vmdl","characters","False","1240.7"
"qinli arms prefab","characters/models/hlym/qinli/qinli_arms_prefab.vmdl","characters","True","97.2"
"qinli prefab","characters/models/hlym/qinli/qinli_prefab.vmdl","characters","False","210.7"
"qita","characters/models/qita/qita.vmdl","characters","False","1523.2"
"qita arms","characters/models/qita/arms/qita_arms.vmdl","characters","True","1335.6"
"qll","characters/flux/qll/qll.vmdl","characters","False","520.8"
"qll arms","characters/flux/qll/qll_arms.vmdl","characters","True","129.6"
"qm","characters/models/exg/xinghe/qm/qm.vmdl","characters","False","2444.9"
"qplty","characters/flux/qplty/qplty.vmdl","characters","False","1002.7"
"qplty arms","characters/flux/qplty/qplty_arms.vmdl","characters","True","53.2"
"qpxed arms prefab","characters/models/hlym/qpxed/qpxed_arms_prefab.vmdl","characters","True","52.7"
"qpxed prefab","characters/models/hlym/qpxed/qpxed_prefab.vmdl","characters","False","315.8"
"qu","characters/flux/qu/qu.vmdl","characters","False","416.5"
"qu arms","characters/flux/qu/qu_arms.vmdl","characters","True","81.9"
"rabbit","characters/models/upkk/byd_cat/rabbit/rabbit.vmdl","characters","False","1147.3"
"rabbit nohitbox","characters/models/upkk/byd_cat/rabbit/rabbit_nohitbox.vmdl","characters","False","1146"
"rabbitholemiku","characters/models/rabbitholemiku/rabbitholemiku.vmdl","characters","False","688.4"
"rabbitholemiku nohitbox","characters/models/rabbitholemiku/rabbitholemiku_nohitbox.vmdl","characters","False","687.4"
"rami","characters/models/upkk/rami/rami.vmdl","characters","False","1988.2"
"rami arms","characters/models/upkk/rami/rami_arms.vmdl","characters","True","56.9"
"rami nohitbox","characters/models/upkk/rami/rami_nohitbox.vmdl","characters","False","1984.9"
"ramune","characters/models/aquaz/hoshistar/ramune/ramune.vmdl","characters","False","1656.4"
"ramune","characters/models/ramune/ramune.vmdl","characters","False","1877.7"
"range zombie","characters/models/shared/zombies/range_zombie.vmdl","characters","False","108.7"
"ranger human","characters/models/exg/ranger/ranger_human.vmdl","characters","False","881.2"
"ranger zombie","characters/models/exg/ranger/ranger_zombie.vmdl","characters","False","380.3"
"rat","characters/models/exg/oxygen/rat/rat.vmdl","characters","False","306.1"
"red","characters/models/daniya/red.vmdl","characters","False","2873.9"
"regenerador","characters/models/aquaz/hoshistar/zombies/regenerador.vmdl","characters","False","666.2"
"reimu","characters/models/upkk/reimu_china_dress/reimu.vmdl","characters","False","551.9"
"reimu arm","characters/models/upkk/reimu_china_dress/reimu_arm.vmdl","characters","True","60.3"
"reimu maou","characters/models/exg/ruiyiwelkin/reimu_maou/reimu_maou.vmdl","characters","False","1891.7"
"reimu nohitbox","characters/models/upkk/reimu_china_dress/reimu_nohitbox.vmdl","characters","False","550.9"
"reisalin","characters/models/reisalin/reisalin.vmdl","characters","False","692.1"
"remilia","characters/models/little/remilia.vmdl","characters","False","1145.4"
"remilia scarlet","characters/models/remilia_scarlet/remilia_scarlet.vmdl","characters","False","968.6"
"remilia wedding dress","characters/models/upkk/remilia_wedding_dress/remilia_wedding_dress.vmdl","characters","False","1056.8"
"remilia wedding dress arm","characters/models/upkk/remilia_wedding_dress/remilia_wedding_dress_arm.vmdl","characters","True","51.8"
"remilia wedding dress nohitbox","characters/models/upkk/remilia_wedding_dress/remilia_wedding_dress_nohitbox.vmdl","characters","False","1055.7"
"remuru","characters/models/remuru/remuru.vmdl","characters","False","2178"
"remuru pet","characters/models/remuru/remuru_pet.vmdl","characters","False","32.9"
"resident zombie","characters/models/exg/resident_zombie/resident_zombie.vmdl","characters","False","162.7"
"rice shower","characters/models/rice_shower/rice_shower.vmdl","characters","False","449.9"
"rimru","characters/models/exg/kukuka/rimru/rimru.vmdl","characters","False","3532.5"
"rin","characters/models/upkk/kagamine_rin/rin.vmdl","characters","False","765.1"
"rin arm","characters/models/upkk/kagamine_rin/rin_arm.vmdl","characters","True","173.3"
"rin chinadress","characters/models/rin/rin_chinadress.vmdl","characters","False","795.7"
"rin chinadress2","characters/models/rin/rin_chinadress2.vmdl","characters","False","795.7"
"rin chinadress3","characters/models/rin/rin_chinadress3.vmdl","characters","False","795.7"
"rin nohitbox","characters/models/upkk/kagamine_rin/rin_nohitbox.vmdl","characters","False","764.1"
"rindo","characters/models/exg/rindo/rindo.vmdl","characters","False","1193.2"
"rindo","characters/models/upkk/rindo/rindo.vmdl","characters","False","1082.1"
"rindo arm","characters/models/upkk/rindo/rindo_arm.vmdl","characters","True","101"
"rindo nohitbox","characters/models/upkk/rindo/rindo_nohitbox.vmdl","characters","False","1079.6"
"riru","characters/models/riru/riru.vmdl","characters","False","1113.1"
"robin","characters/maoling/star_rail/robin/normal/robin.vmdl","characters","False","850.6"
"robin arms","characters/maoling/star_rail/robin/normal/arms/robin_arms.vmdl","characters","True","113.3"
"roleaction","characters/models/upkk/roleaction/roleaction.vmdl","characters","False","233.6"
"roleaction arm","characters/models/upkk/roleaction/roleaction_arm.vmdl","characters","True","114.8"
"roleaction nohitbox","characters/models/upkk/roleaction/roleaction_nohitbox.vmdl","characters","False","232.5"
"romasha player model","characters/models/nozb1/romasha_player_model/romasha_player_model.vmdl","characters","False","155.1"
"romasha pm arm","characters/models/nozb1/romasha_player_model/romasha_pm_arm.vmdl","characters","True","42.5"
"rosalia","characters/models/upkk/rosalia/rosalia.vmdl","characters","False","416.5"
"rosalia arm","characters/models/upkk/rosalia/rosalia_arm.vmdl","characters","True","68.9"
"rosalia nohitbox","characters/models/upkk/rosalia/rosalia_nohitbox.vmdl","characters","False","415.5"
"rozaliya","characters/maoling/honkai_impact/rozaliya/delta/rozaliya.vmdl","characters","False","510.6"
"rozaliya arms","characters/maoling/honkai_impact/rozaliya/delta/arms/rozaliya_arms.vmdl","characters","True","119.4"
"rumia","characters/models/little/rumia.vmdl","characters","False","1159.4"
"rumia","characters/models/rumia/rumia.vmdl","characters","False","640.4"
"rurune","characters/models/exg/chrisan/rurune/rurune.vmdl","characters","False","3052.7"
"rusk","characters/models/exg/rusk/rusk.vmdl","characters","False","582.2"
"saber","characters/models/upkk/saber_kuse/saber.vmdl","characters","False","593.2"
"saber","characters/models/upkk/saber_wedding_dress/saber.vmdl","characters","False","1095.3"
"saber arm","characters/models/upkk/saber_kuse/saber_arm.vmdl","characters","True","130.8"
"saber arm","characters/models/upkk/saber_wedding_dress/saber_arm.vmdl","characters","True","114.1"
"saber arm","characters/models/upkk/x_saber/saber_arm.vmdl","characters","True","88.5"
"saber nohitbox","characters/models/upkk/saber_kuse/saber_nohitbox.vmdl","characters","False","592.1"
"saber nohitbox","characters/models/upkk/saber_wedding_dress/saber_nohitbox.vmdl","characters","False","1094.2"
"saber wedding dress v3","characters/models/hlym/saber_wedding_dress/saber_wedding_dress_v3.vmdl","characters","False","1109.5"
"saber wedding dress v3 arms prefab","characters/models/hlym/saber_wedding_dress/saber_wedding_dress_v3_arms_prefab.vmdl","characters","True","117.6"
"sagiri","characters/models/upkk/sagiri/sagiri.vmdl","characters","False","466.1"
"sagiri arm","characters/models/upkk/sagiri/sagiri_arm.vmdl","characters","True","66.7"
"sagiri nohitbox","characters/models/upkk/sagiri/sagiri_nohitbox.vmdl","characters","False","465"
"sakura","characters/maoling/honkai_impact/yae_sakura/cyberpunk/sakura.vmdl","characters","False","595.4"
"sakura","characters/models/upkk/sakura_dreams/sakura.vmdl","characters","False","352"
"sakura arm","characters/models/upkk/sakura_dreams/sakura_arm.vmdl","characters","True","98.7"
"sakura arms","characters/maoling/honkai_impact/yae_sakura/cyberpunk/arms/sakura_arms.vmdl","characters","True","111.2"
"sakura chiyono","characters/models/sakura_chiyono/sakura_chiyono.vmdl","characters","False","1239.4"
"sakura nohitbox","characters/models/upkk/sakura_dreams/sakura_nohitbox.vmdl","characters","False","351"
"sakura wuwang","characters/models/upkk/sakura_wuwang/sakura_wuwang.vmdl","characters","False","378.3"
"sakura wuwang arms","characters/models/upkk/sakura_wuwang/sakura_wuwang_arms.vmdl","characters","True","61.9"
"sakura wuwang nohitbox","characters/models/upkk/sakura_wuwang/sakura_wuwang_nohitbox.vmdl","characters","False","377.2"
"sakurarinhoshi","characters/models/exg/ruiyiwelkin/sakurarinhoshi/sakurarinhoshi.vmdl","characters","False","3129.8"
"sanae","characters/models/senae/sanae.vmdl","characters","False","594.5"
"sandaoji","characters/models/sandaoji/sandaoji.vmdl","characters","False","858.2"
"santa","characters/models/lime/santa/santa.vmdl","characters","False","3368.8"
"santa","characters/models/upkk_male/santa/santa.vmdl","characters","False","121"
"santa arm","characters/models/upkk_male/santa/santa_arm.vmdl","characters","True","55.6"
"santa nohitbox","characters/models/upkk_male/santa/santa_nohitbox.vmdl","characters","False","119.6"
"saori","characters/models/exg/saori/saori.vmdl","characters","False","518.9"
"sapphy","characters/models/upkk/sapphy/sapphy.vmdl","characters","False","935"
"sapphy arm","characters/models/upkk/sapphy/sapphy_arm.vmdl","characters","True","168"
"sapphy nohitbox","characters/models/upkk/sapphy/sapphy_nohitbox.vmdl","characters","False","933.9"
"sara","characters/models/sara/sara.vmdl","characters","False","1170.2"
"sarah","characters/models/sarah/sarah.vmdl","characters","False","1327.6"
"sas","characters/models/2en0w/exg_2dlod/sas.vmdl","characters","False","4.3"
"sasha","characters/models/upkk/sasha/sasha.vmdl","characters","False","621.1"
"sasha arm","characters/models/upkk/sasha/sasha_arm.vmdl","characters","True","145.6"
"sasha nohitbox","characters/models/upkk/sasha/sasha_nohitbox.vmdl","characters","False","620"
"sasuke","characters/models/exg/sasuke/sasuke.vmdl","characters","False","639.3"
"satono diamond","characters/models/satono_diamond/satono_diamond.vmdl","characters","False","1373.4"
"satori","characters/models/satori/satori.vmdl","characters","False","639"
"sayu","characters/models/uru/gm/genshin/sayu/sayu.vmdl","characters","False","669.3"
"sayu arms","characters/models/uru/gm/genshin/sayu/sayu_arms.vmdl","characters","True","71.3"
"scarleta","characters/models/oylsister/blade_and_souls/scarleta/scarleta.vmdl","characters","False","663.3"
"scarleta arms","characters/models/oylsister/blade_and_souls/scarleta/scarleta_arms.vmdl","characters","True","105"
"scavenger","characters/models/s2ze/scavenger/scavenger.vmdl","characters","False","676.4"
"scavenger arms","characters/models/s2ze/scavenger/scavenger_arms.vmdl","characters","True","54.9"
"scavenger nohitbox","characters/models/s2ze/scavenger/scavenger_nohitbox.vmdl","characters","False","538.4"
"sd hina","characters/models/exg/sd_hina/sd_hina.vmdl","characters","False","488.7"
"sd midori maid","characters/models/exg/sd_midori_maid/sd_midori_maid.vmdl","characters","False","383.4"
"sd momoi maid","characters/models/exg/sd_momoi_maid/sd_momoi_maid.vmdl","characters","False","375.4"
"security","characters/models/security/security.vmdl","characters","False","87.1"
"security","characters/security/security.vmdl","characters","False","70.2"
"seele","characters/maoling/honkai_impact/seele/starchasm_v2/seele.vmdl","characters","False","1021.5"
"seele","characters/maoling/honkai_impact/seele/starchasm/seele.vmdl","characters","False","688.2"
"seele arms","characters/maoling/honkai_impact/seele/starchasm_v2/arms/seele_arms.vmdl","characters","True","244.2"
"seele arms","characters/maoling/honkai_impact/seele/starchasm/arms/seele_arms.vmdl","characters","True","244.8"
"seia","characters/models/aquaz/hoshistar/seia/seia.vmdl","characters","False","9033.9"
"seia","characters/models/seia/seia.vmdl","characters","False","707.6"
"seiga nyannyan","characters/models/seiga_nyannyan/seiga_nyannyan.vmdl","characters","False","421.1"
"selestia","characters/models/cs2ze/selestia/selestia.vmdl","characters","False","3743.7"
"selestia","characters/models/selestia/selestia.vmdl","characters","False","1229.2"
"selestia","characters/models/upkk/selestia/selestia.vmdl","characters","False","1021.9"
"selestia arm","characters/models/upkk/selestia/selestia_arm.vmdl","characters","True","188.5"
"selestia nohitbox","characters/models/upkk/selestia/selestia_nohitbox.vmdl","characters","False","1020.8"
"sena","characters/models/exg/sena/sena.vmdl","characters","False","519.3"
"serina","characters/models/exg/serina/serina.vmdl","characters","False","1109.4"
"shakrey","characters/models/exg/shakrey/shakrey.vmdl","characters","False","875"
"shakrey","characters/models/upkk/shakrey/shakrey.vmdl","characters","False","786.4"
"shakrey arm","characters/models/upkk/shakrey/shakrey_arm.vmdl","characters","True","72.7"
"shakrey nohitbox","characters/models/upkk/shakrey/shakrey_nohitbox.vmdl","characters","False","786.7"
"shana arms prefab","characters/models/hlym/shana/shana_arms_prefab.vmdl","characters","True","97.4"
"shana prefab","characters/models/hlym/shana/shana_prefab.vmdl","characters","False","155.8"
"shanghai","characters/models/alice/shanghai/shanghai.vmdl","characters","False","730.7"
"shanoa","characters/models/shanoa/shanoa.vmdl","characters","False","896"
"shanoa mix","characters/models/ub/shanoa/shanoa_mix.vmdl","characters","False","2710.4"
"shanoa2","characters/models/shanoa/shanoa2.vmdl","characters","False","853.3"
"shanque","characters/models/shanque/shanque.vmdl","characters","False","1812.4"
"shenhe","characters/models/oylsister/genshin/shenhe/shenhe.vmdl","characters","False","502.8"
"shenhe arms","characters/models/oylsister/genshin/shenhe/shenhe_arms.vmdl","characters","True","69.2"
"sherif zombie","characters/models/shared/zombies/sherif_zombie.vmdl","characters","False","171"
"sherry","characters/flux/tachibana_sherii/sherry.vmdl","characters","False","280.6"
"sherry dummy","characters/flux/tachibana_sherii/sherry_dummy.vmdl","characters","False","450.5"
"shiba dragon arm","characters/models/nozb1/shiba_dragon_player_model/shiba_dragon_arm.vmdl","characters","True","34.8"
"shiba dragon player model","characters/models/nozb1/shiba_dragon_player_model/shiba_dragon_player_model.vmdl","characters","False","122.7"
"shiloh","characters/models/exg/ruiyiwelkin/shiloh/shiloh.vmdl","characters","False","2579.6"
"shinano","characters/models/exg/chrisan/shinano/shinano.vmdl","characters","False","4487.7"
"shinano","characters/models/shinano/shinano.vmdl","characters","False","1490.9"
"shinano","characters/models/upkk/shinano/shinano.vmdl","characters","False","3795.8"
"shinano arms","characters/models/upkk/shinano/shinano_arms.vmdl","characters","True","212.9"
"shinano nohitbox","characters/models/upkk/shinano/shinano_nohitbox.vmdl","characters","False","3795"
"shinano vrc","characters/models/shinano_vrc/shinano_vrc.vmdl","characters","False","1332.5"
"shinki","characters/models/shinki/shinki.vmdl","characters","False","1128.4"
"shinobu","characters/models/oylsister/demonslayer/shinobu/shinobu.vmdl","characters","False","811.5"
"shinobu arms","characters/models/oylsister/demonslayer/shinobu/shinobu_arms.vmdl","characters","True","118.2"
"shinra sister","characters/models/exg/ruiyiwelkin/shinra_sister/shinra_sister.vmdl","characters","False","4805.2"
"shirasu azusa","characters/models/exg/mmy/shirasu_azusa/shirasu_azusa.vmdl","characters","False","2873.8"
"shiratama","characters/models/exg/ruiyiwelkin/shiratama_redcloth/shiratama.vmdl","characters","False","3442.9"
"shiratama","characters/models/exg/shiratama/shiratama.vmdl","characters","False","839.8"
"shiratama","characters/models/upkk/shiratama/shiratama.vmdl","characters","False","853"
"shiratama arm","characters/models/upkk/shiratama/shiratama_arm.vmdl","characters","True","91.9"
"shiratama nohitbox","characters/models/upkk/shiratama/shiratama_nohitbox.vmdl","characters","False","850.8"
"shiroha","characters/models/exg/mmy/shiroha/shiroha.vmdl","characters","False","3675.7"
"shiroi","characters/models/shiroi/shiroi.vmdl","characters","False","1671.9"
"shiroko","characters/models/exg/shiroko/shiroko.vmdl","characters","False","457.5"
"shiroko","characters/models/oylsister/blue_archive/shiroko_terror/shiroko.vmdl","characters","False","904.5"
"shiroko","characters/models/shiroko/shiroko.vmdl","characters","False","674.4"
"shiroko","characters/models/upkk/shiroko/shiroko.vmdl","characters","False","431.8"
"shiroko arm","characters/models/upkk/shiroko/shiroko_arm.vmdl","characters","True","69.4"
"shiroko arms","characters/models/oylsister/blue_archive/shiroko_terror/shiroko_arms.vmdl","characters","True","99.4"
"shiroko new","characters/models/oylsister/blue_archive/shiroko_terror/shiroko_new.vmdl","characters","False","945.6"
"shiroko nohitbox","characters/models/upkk/shiroko/shiroko_nohitbox.vmdl","characters","False","430.7"
"shiroko sk2model","characters/models/hmn_sk2/blue_archive/shiroko/shiroko_sk2model.vmdl","characters","False","934.7"
"shiroko sk2modelarm","characters/models/hmn_sk2/blue_archive/shiroko/shiroko_sk2modelarm.vmdl","characters","False","116.1"
"shiroko v1","characters/models/upkk/shiroko_v1/shiroko_v1.vmdl","characters","False","1686"
"shiroko v1 arms","characters/models/upkk/shiroko_v1/shiroko_v1_arms.vmdl","characters","True","119.9"
"shiroko v1 nohitbox","characters/models/upkk/shiroko_v1/shiroko_v1_nohitbox.vmdl","characters","False","1676.8"
"shorekeeper","characters/flux/shorekeeper/normal/shorekeeper.vmdl","characters","False","280.6"
"shorekeeper","characters/maoling/wuthering_waves/shorekeeper/normal/shorekeeper.vmdl","characters","False","842.6"
"shorekeeper arms","characters/maoling/wuthering_waves/shorekeeper/normal/arms/shorekeeper_arms.vmdl","characters","True","232.1"
"shorekeeper dummy","characters/flux/shorekeeper/normal/shorekeeper_dummy.vmdl","characters","False","731.4"
"shouko","characters/models/oylsister/komi_san/shouko.vmdl","characters","False","1009.3"
"shouko","characters/models/oylsister/komi_san/shouko/shouko.vmdl","characters","False","873.6"
"shouko arms","characters/models/oylsister/komi_san/shouko/shouko_arms.vmdl","characters","True","3.4"
"shrek","characters/models/stepanof/stalker_shrek/shrek.vmdl","characters","False","211.3"
"shrek arms","characters/models/stepanof/stalker_shrek/shrek_arms.vmdl","characters","True","35.9"
"sigewinne","characters/models/uru/gm/genshin/sigewinne/sigewinne.vmdl","characters","False","1005.9"
"sigewinne arms","characters/models/uru/gm/genshin/sigewinne/sigewinne_arms.vmdl","characters","True","72"
"silver wolf","characters/flux/silver_wolf/silver_wolf.vmdl","characters","False","280.6"
"silver wolf","characters/maoling/star_rail/silver_wolf/normal/silver_wolf.vmdl","characters","False","889.3"
"silver wolf arms","characters/maoling/star_rail/silver_wolf/normal/arms/silver_wolf_arms.vmdl","characters","True","134.3"
"silver wolf dummy","characters/flux/silver_wolf/silver_wolf_dummy.vmdl","characters","False","766.9"
"silver wolf player model","characters/models/nozb1/silver_wolf_player_model/silver_wolf_player_model.vmdl","characters","False","503.5"
"silver wolf player model nohitbox","characters/models/nozb1/silver_wolf_player_model/silver_wolf_player_model_nohitbox.vmdl","characters","False","492.3"
"silver wolf player model nohitbox v2","characters/models/nozb1/silver_wolf_player_model/silver_wolf_player_model_nohitbox_v2.vmdl","characters","False","493.4"
"silver wolf pm arm","characters/models/nozb1/silver_wolf_player_model/silver_wolf_pm_arm.vmdl","characters","True","91"
"silverwolf","characters/models/exg/silver_wolf/silverwolf.vmdl","characters","False","556.5"
"sincia","characters/models/artemis/sincia.vmdl","characters","False","250.5"
"sissi","characters/maoling/ash_echoes/sissi/normal/sissi.vmdl","characters","False","900.5"
"sissi arms","characters/maoling/ash_echoes/sissi/normal/arms/sissi_arms.vmdl","characters","True","184.2"
"skadi sk2model","characters/models/hmn_sk2/aether_gazer/skadi/skadi_sk2model.vmdl","characters","False","430.8"
"skadi sk2modelarm","characters/models/hmn_sk2/aether_gazer/skadi/skadi_sk2modelarm.vmdl","characters","False","99.5"
"skirk","characters/maoling/genshin_impact/skirk/normal/skirk.vmdl","characters","False","800.7"
"skirk arms","characters/maoling/genshin_impact/skirk/normal/arms/skirk_arms.vmdl","characters","True","130.2"
"sleep","characters/models/zaolaiyouxiang/sleep.vmdl","characters","False","608.5"
"sleepy mita arm","characters/models/nozb1/sleepy_mita_player_model/sleepy_mita_arm.vmdl","characters","True","89.4"
"sleepy mita player model","characters/models/nozb1/sleepy_mita_player_model/sleepy_mita_player_model.vmdl","characters","False","1402.5"
"sleepy mita player model nohitbox","characters/models/nozb1/sleepy_mita_player_model/sleepy_mita_player_model_nohitbox.vmdl","characters","False","758.7"
"sleepy mita player model nohitbox v2","characters/models/nozb1/sleepy_mita_player_model/sleepy_mita_player_model_nohitbox_v2.vmdl","characters","False","767.8"
"sleeve","characters/models/allen/sleeve.vmdl","characters","False","48.8"
"sleeve","characters/models/ciel/sleeve.vmdl","characters","False","31.3"
"sleeve","characters/models/maki/sleeve.vmdl","characters","False","35.9"
"sleeve","characters/models/mary/sleeve.vmdl","characters","False","59.5"
"sleeve","characters/models/momoyi/sleeve.vmdl","characters","False","26.8"
"sleeve","characters/models/planetarium/sleeve.vmdl","characters","False","22.7"
"sleeve","characters/models/xueshi/sleeve.vmdl","characters","False","177.3"
"sleeve1","characters/models/yueyaoyehua/sleeve1.vmdl","characters","False","76.8"
"sleevevmdl","characters/models/ibuki_suika/sleevevmdl.vmdl","characters","False","199.7"
"smei","characters/models/upkk/smei/smei.vmdl","characters","False","1622.5"
"smei arms","characters/models/upkk/smei/arms/smei_arms.vmdl","characters","True","2115.4"
"smei nohitbox","characters/models/upkk/smei/smei_nohitbox.vmdl","characters","False","1621.6"
"smnmy","characters/flux/smnmy/smnmy.vmdl","characters","False","442.8"
"smnmy arms","characters/flux/smnmy/smnmy_arms.vmdl","characters","True","67"
"snow","characters/models/exg/aili/snow/snow.vmdl","characters","False","2131"
"snow","characters/models/exg/snow/snow.vmdl","characters","False","274.5"
"snow arm","characters/models/exg/snow/snow_arm.vmdl","characters","True","45.9"
"snow miku","characters/models/miku/snow/snow_miku.vmdl","characters","False","1999.3"
"snow miku","characters/models/upkk/snow_miku/snow_miku.vmdl","characters","False","463.6"
"snow miku arm","characters/models/upkk/snow_miku/snow_miku_arm.vmdl","characters","True","701.1"
"snow miku nohitbox","characters/models/upkk/snow_miku/snow_miku_nohitbox.vmdl","characters","False","462.5"
"snow v1","characters/models/upkk/snow_v1/snow_v1.vmdl","characters","False","278.2"
"snow v1 nohitbox","characters/models/upkk/snow_v1/snow_v1_nohitbox.vmdl","characters","False","277"
"snow v2","characters/models/upkk/snow_v2/snow_v2.vmdl","characters","False","1238.9"
"snow v2 arms","characters/models/upkk/snow_v2/snow_v2_arms.vmdl","characters","True","48.9"
"snow v2 nohitbox","characters/models/upkk/snow_v2/snow_v2_nohitbox.vmdl","characters","False","1238.1"
"sonic miku arm","characters/models/nozb1/sonic_miku_player_model/sonic_miku_arm.vmdl","characters","True","89"
"sonic miku player model","characters/models/nozb1/sonic_miku_player_model/sonic_miku_player_model.vmdl","characters","False","378.5"
"sophie","characters/models/keung/sophie/sophie.vmdl","characters","False","429.1"
"sophie arms","characters/models/keung/sophie/sophie_arms.vmdl","characters","True","54.8"
"sophina","characters/models/cs2ze/sophina/sophina.vmdl","characters","False","2909.7"
"sophina arm","characters/models/cs2ze/sophina/sophina_arm.vmdl","characters","True","1357.5"
"soraha","characters/models/exg/kukuka/soraha/soraha.vmdl","characters","False","1573.9"
"sour luka","characters/models/upkk/sour_luka/sour_luka.vmdl","characters","False","731.6"
"sour luka nohitbox","characters/models/upkk/sour_luka/sour_luka_nohitbox.vmdl","characters","False","730.6"
"sour miku","characters/models/upkk/sour_miku/sour_miku.vmdl","characters","False","664.3"
"sour miku nohitbox","characters/models/upkk/sour_miku/sour_miku_nohitbox.vmdl","characters","False","662.4"
"soyorin","characters/models/exg/ruiyiwelkin/soyo_nagasaki/soyorin.vmdl","characters","False","2380.4"
"sparkle","characters/maoling/honkai_impact/sparkle/normal/sparkle.vmdl","characters","False","1358.7"
"sparkle","characters/maoling/star_rail/sparkle/normal/sparkle.vmdl","characters","False","941.1"
"sparkle arms","characters/kianya/honkai/sparkle_hi3/sparkle_arms.vmdl","characters","True","132.5"
"sparkle arms","characters/kianya/honkai/sparkle_hi3/template/sparkle_arms.vmdl","characters","True","121.2"
"sparkle arms","characters/maoling/honkai_impact/sparkle/normal/arms/sparkle_arms.vmdl","characters","True","121.6"
"sparkle arms","characters/maoling/star_rail/sparkle/normal/arms/sparkle_arms.vmdl","characters","True","118.3"
"sparkle hi3","characters/kianya/honkai/sparkle_hi3/sparkle_hi3.vmdl","characters","False","705"
"spell","characters/models/role_animation/spell.vmdl","characters","False","1257.4"
"sphere","characters/models/caged_bird/sphere.vmdl","characters","False","10.3"
"spielber","characters/models/exg/xinghe/spielber/spielber.vmdl","characters","False","1907.8"
"sr sparkle","characters/models/aquaz/hoshistar/sr_sparkle/sr_sparkle.vmdl","characters","False","1141.8"
"star","characters/models/upkk/origami/particles/star.vmdl","characters","False","6.8"
"star sapphire","characters/models/mischievous_fairies/star_sapphire.vmdl","characters","False","857.6"
"star2","characters/models/upkk/origami/particles/star2.vmdl","characters","False","5.1"
"stardust","characters/models/stardust/stardust.vmdl","characters","False","1816.4"
"stardust","characters/models/upkk/stardust_samsink/stardust.vmdl","characters","False","605.4"
"stardust arm","characters/models/upkk/stardust_samsink/stardust_arm.vmdl","characters","True","84.5"
"stardust nohitbox","characters/models/upkk/stardust_samsink/stardust_nohitbox.vmdl","characters","False","604.4"
"stay gold","characters/models/upkk/stay_gold/stay_gold.vmdl","characters","False","639.6"
"stay gold nohitbox","characters/models/upkk/stay_gold/stay_gold_nohitbox.vmdl","characters","False","638.7"
"steve cs2 arms","characters/models/steve_cs2_arms.vmdl","characters","True","7.3"
"steve cs2 nohitbox","characters/models/steve_cs2_nohitbox.vmdl","characters","False","51.7"
"sucre","characters/models/exg/xinghe/sucre/sucre.vmdl","characters","False","2361"
"suit","characters/models/bailang/suit.vmdl","characters","False","1485.6"
"sunflower fairy","characters/models/sunflower_fairy/sunflower_fairy.vmdl","characters","False","464.4"
"sunny milk","characters/models/mischievous_fairies/sunny_milk.vmdl","characters","False","851.8"
"suomi","characters/models/gugu/suomi/suomi.vmdl","characters","False","1375.2"
"suomi","characters/models/suomi/suomi.vmdl","characters","False","710.3"
"suomi","characters/models/upkk/suomi/suomi.vmdl","characters","False","629.5"
"suomi arm","characters/models/upkk/suomi/suomi_arm.vmdl","characters","True","71.1"
"suomi arms","characters/models/gugu/suomi/suomi_arms.vmdl","characters","True","68.8"
"suomi nohitbox","characters/models/upkk/suomi/suomi_nohitbox.vmdl","characters","False","628.4"
"sutera","characters/models/aquaz/hoshistar/sutera/sutera.vmdl","characters","False","1472"
"sutera","characters/models/exg/sutera/sutera.vmdl","characters","False","1433.4"
"sutera arms","characters/models/oylsister/fkg/sutera_new/sutera_arms.vmdl","characters","True","226.8"
"sutera new","characters/models/oylsister/fkg/sutera_new/sutera_new.vmdl","characters","False","2848.4"
"suzumi","characters/models/exg/sd_suzumi/suzumi.vmdl","characters","False","495.5"
"sweater","characters/models/upkk/byd_cat/sweater/sweater.vmdl","characters","False","981.5"
"sweater nohitbox","characters/models/upkk/byd_cat/sweater/sweater_nohitbox.vmdl","characters","False","980.5"
"swim","characters/models/ankeleiqi/swim.vmdl","characters","False","1540.9"
"swim","characters/models/bailang/swim.vmdl","characters","False","1622"
"swim","characters/models/hina/swim.vmdl","characters","False","960.7"
"swim","characters/models/ibuki_suika/swim.vmdl","characters","False","2092.6"
"sword f","characters/maoling/misc/snowy/sword_f/sword_f.vmdl","characters","False","744.5"
"sword f arms","characters/maoling/misc/snowy/sword_f/arms/sword_f_arms.vmdl","characters","True","101.6"
"swordbahamut","characters/models/aquaz/hoshistar/swordbahamut/swordbahamut.vmdl","characters","False","8744.3"
"syq","characters/flux/syq/syq.vmdl","characters","False","472"
"syq arms","characters/flux/syq/syq_arms.vmdl","characters","True","82.1"
"szz","characters/models/cs2ze/jiangshimoxing/1/szz.vmdl","characters","False","133.8"
"tactical cian","characters/models/exg/ruiyiwelkin/tactical_cian/tactical_cian.vmdl","characters","False","1225.5"
"tactical maya","characters/models/exg/ruiyiwelkin/tactical_maya/tactical_maya.vmdl","characters","False","1221.2"
"tactical shinano","characters/models/exg/ruiyiwelkin/tactical_shinano/tactical_shinano.vmdl","characters","False","1264.9"
"tactical sio","characters/models/exg/ruiyiwelkin/tactical_sio/tactical_sio.vmdl","characters","False","1256.9"
"taffy","characters/models/tianli/taffy/taffy.vmdl","characters","False","3053"
"taiho wedding dress","characters/models/upkk/taiho_wedding_dress/taiho_wedding_dress.vmdl","characters","False","1788.2"
"taiho wedding dress arms","characters/models/upkk/taiho_wedding_dress/taiho_wedding_dress_arms.vmdl","characters","True","67.9"
"taiho wedding dress nohitbox","characters/models/upkk/taiho_wedding_dress/taiho_wedding_dress_nohitbox.vmdl","characters","False","1786.4"
"taihou","characters/models/exg/bot04/taihou/taihou.vmdl","characters","False","746.5"
"taihou","characters/models/upkk/byd_cat/taihou/taihou.vmdl","characters","False","916.6"
"taihou nohitbox","characters/models/upkk/byd_cat/taihou/taihou_nohitbox.vmdl","characters","False","915.6"
"tamamo sk2model","characters/models/hmn_sk2/pretty_derby/tamamo_cross/tamamo_sk2model.vmdl","characters","False","857.3"
"tamamo sk2modelarm","characters/models/hmn_sk2/pretty_derby/tamamo_cross/tamamo_sk2modelarm.vmdl","characters","False","88.3"
"tang","characters/flux/tanglong/tang.vmdl","characters","False","100.2"
"tang arms","characters/flux/tanglong/tang_arms.vmdl","characters","True","15.2"
"tashkent","characters/models/exg/ruiyiwelkin/al_tashkent/tashkent.vmdl","characters","False","4335.2"
"temimi","characters/models/temimi/arms/temimi.vmdl","characters","True","572.7"
"temimi","characters/models/temimi/temimi.vmdl","characters","False","1308.5"
"template arms","characters/models/kianya/honkai/kiana_wishingstar/arms/template_arms.vmdl","characters","True","536.9"
"tesla armor","characters/models/s2ze/tesla_armor/tesla_armor.vmdl","characters","False","361.6"
"tesla armor arms","characters/models/s2ze/tesla_armor/tesla_armor_arms.vmdl","characters","True","211.4"
"tesla armor nohitbox","characters/models/s2ze/tesla_armor/tesla_armor_nohitbox.vmdl","characters","False","358.8"
"teto arms prefab","characters/models/hlym/kimono_teto/teto_arms_prefab.vmdl","characters","True","65.5"
"tf141","characters/models/exg/tf141/tf141.vmdl","characters","False","1311.6"
"theresa","characters/flux/starlit/theresa.vmdl","characters","False","280.6"
"theresa","characters/maoling/honkai_impact/theresa/rosy_bridesmaid/theresa.vmdl","characters","False","661.1"
"theresa","characters/maoling/honkai_impact/theresa/starlit/theresa.vmdl","characters","False","637.7"
"theresa","characters/maoling/honkai_impact/theresa/together_for_life/theresa.vmdl","characters","False","872.9"
"theresa","characters/maoling/honkai_impact/theresa/twilight/theresa.vmdl","characters","False","543.1"
"theresa","characters/models/upkk/stardust_theresa/theresa.vmdl","characters","False","443.6"
"theresa","characters/models/upkk/theresa/theresa.vmdl","characters","False","547.8"
"theresa arm","characters/models/upkk/stardust_theresa/theresa_arm.vmdl","characters","True","77.1"
"theresa arm","characters/models/upkk/theresa/theresa_arm.vmdl","characters","True","197.2"
"theresa arms","characters/maoling/honkai_impact/theresa/rosy_bridesmaid/arms/theresa_arms.vmdl","characters","True","88.8"
"theresa arms","characters/maoling/honkai_impact/theresa/starlit/arms/theresa_arms.vmdl","characters","True","102.1"
"theresa arms","characters/maoling/honkai_impact/theresa/together_for_life/arms/theresa_arms.vmdl","characters","True","125.3"
"theresa arms","characters/maoling/honkai_impact/theresa/twilight/arms/theresa_arms.vmdl","characters","True","111.7"
"theresa dummy","characters/flux/starlit/theresa_dummy.vmdl","characters","False","549.2"
"theresa nohitbox","characters/models/upkk/stardust_theresa/theresa_nohitbox.vmdl","characters","False","442.6"
"theresa nohitbox","characters/models/upkk/theresa/theresa_nohitbox.vmdl","characters","False","546.7"
"tiangongxin","characters/models/tiangongxin/tiangongxin.vmdl","characters","False","280.6"
"tiangongxin arms","characters/models/tiangongxin/arms/tiangongxin_arms.vmdl","characters","True","261.2"
"tiangongxin dummy","characters/models/tiangongxin/tiangongxin_dummy.vmdl","characters","False","1567"
"tiantong","characters/models/tiantong/tiantong.vmdl","characters","False","1306.5"
"tianxincaomeng","characters/models/tianxincaomeng/tianxincaomeng.vmdl","characters","False","2710.5"
"tingyun","characters/models/ub/tingyun/tingyun.vmdl","characters","False","536.5"
"tingyun viewmodel arms prefab","characters/models/ub/tingyun/tingyun_viewmodel_arms_prefab.vmdl","characters","True","62.9"
"tinkywinky","characters/models/tinkywinky/tinkywinky.vmdl","characters","False","126.4"
"tinkywinky nohitbox","characters/models/tinkywinky/tinkywinky_nohitbox.vmdl","characters","False","125.6"
"tinkywinkyarms","characters/models/tinkywinky/tinkywinkyarms.vmdl","characters","False","30.3"
"tokai teio","characters/models/tokai_teio/tokai_teio.vmdl","characters","False","1178.7"
"toki","characters/models/upkk/toki/toki.vmdl","characters","False","930.9"
"toki arm","characters/models/upkk/toki/toki_arm.vmdl","characters","True","88.1"
"toki nohitbox","characters/models/upkk/toki/toki_nohitbox.vmdl","characters","False","929.8"
"tokitori muscular sk2model","characters/models/hmn_sk2/tokitori/tokitori_muscular/tokitori_muscular_sk2model.vmdl","characters","False","252.6"
"tokitori muscular sk2modelarm","characters/models/hmn_sk2/tokitori/tokitori_muscular/tokitori_muscular_sk2modelarm.vmdl","characters","False","81.2"
"tololo","characters/models/koharu/gfl2/tololo/tololo.vmdl","characters","False","1148.3"
"tololo arms","characters/models/koharu/gfl2/tololo/tololo_arms.vmdl","characters","True","53.7"
"tomimi","characters/models/upkk/tomimi/tomimi.vmdl","characters","False","404"
"tomimi arm","characters/models/upkk/tomimi/tomimi_arm.vmdl","characters","True","121.2"
"tomimi nohitbox","characters/models/upkk/tomimi/tomimi_nohitbox.vmdl","characters","False","403"
"tomorrow","characters/models/upkk/byd_cat/tomorrow/tomorrow.vmdl","characters","False","1146.3"
"tomorrow nohitbox","characters/models/upkk/byd_cat/tomorrow/tomorrow_nohitbox.vmdl","characters","False","1145.3"
"tongren","characters/models/exg/qiliu/hero/tongren/tongren.vmdl","characters","False","371.2"
"Trollman","characters/models/aquaz/hoshistar/matchman/Trollman.vmdl","characters","False","174.9"
"tungtungtungsahur","characters/models/exg/tungtungtungsahur/tungtungtungsahur.vmdl","characters","False","469.2"
"twin turbo","characters/maoling/pretty_derby/twin_turbo/twin_turbo.vmdl","characters","False","768.3"
"twin turbo arms","characters/maoling/pretty_derby/twin_turbo/arms/twin_turbo_arms.vmdl","characters","True","161.8"
"twin1","characters/models/exg/sd_twin/twin1.vmdl","characters","False","379"
"twin2","characters/models/exg/sd_twin/twin2.vmdl","characters","False","362.2"
"ultraman tiga","characters/models/exg/ultraman_tiga/ultraman_tiga.vmdl","characters","False","1117.6"
"ultraman trigger","characters/models/exg/ultraman_trigger/ultraman_trigger.vmdl","characters","False","757.8"
"ump45","characters/models/ump/ump45.vmdl","characters","False","1422.4"
"ump45","characters/models/upkk/ump45/ump45.vmdl","characters","False","473.4"
"ump45 2","characters/models/ump/ump45_2.vmdl","characters","False","2166.7"
"ump45 arm","characters/models/upkk/ump45/ump45_arm.vmdl","characters","True","116.7"
"ump45 nohitbox","characters/models/upkk/ump45/ump45_nohitbox.vmdl","characters","False","472.4"
"ump45 v1 arms prefab","characters/models/hlym/ump45_v1/ump45_v1_arms_prefab.vmdl","characters","True","119"
"ump45 v1 prefab","characters/models/hlym/ump45_v1/ump45_v1_prefab.vmdl","characters","False","468.6"
"ump45 v1 prefab nohitbox","characters/models/hlym/ump45_v1/ump45_v1_prefab_nohitbox.vmdl","characters","False","467.9"
"ump9","characters/models/ump/ump9.vmdl","characters","False","1384.6"
"ump9 2","characters/models/ump/ump9_2.vmdl","characters","False","1322"
"unicorn","characters/models/unicorn/unicorn.vmdl","characters","False","616.7"
"unicorn","characters/models/upkk/unicorn/unicorn.vmdl","characters","False","1605.3"
"unicorn arms","characters/models/upkk/unicorn/unicorn_arms.vmdl","characters","True","64.9"
"unicorn nohitbox","characters/models/upkk/unicorn/unicorn_nohitbox.vmdl","characters","False","1604.5"
"urban maya","characters/models/upkk/byd_cat/urban_maya/urban_maya.vmdl","characters","False","1179.5"
"urban maya nohitbox","characters/models/upkk/byd_cat/urban_maya/urban_maya_nohitbox.vmdl","characters","False","1178.5"
"us marines","characters/models/exg/ruiyiwelkin/us_marines/us_marines.vmdl","characters","False","432.3"
"usasaki","characters/models/usasaki/usasaki.vmdl","characters","False","609.1"
"ush","characters/models/senae/ush.vmdl","characters","False","1117.4"
"v flower","characters/models/devildom_fairy/flower/v_flower.vmdl","characters","False","212.9"
"vanilla","characters/models/keung/vanilla/vanilla.vmdl","characters","False","551.7"
"vanilla arms","characters/models/keung/vanilla/vanilla_arms.vmdl","characters","True","80.6"
"varm","characters/flux/varm/varm.vmdl","characters","False","608"
"varm arms","characters/flux/varm/varm_arms.vmdl","characters","True","129.6"
"veil","characters/flux/veil/veil.vmdl","characters","False","971.5"
"veil","characters/models/upkk/byd_cat/veil/veil.vmdl","characters","False","1127.7"
"veil nohitbox","characters/models/upkk/byd_cat/veil/veil_nohitbox.vmdl","characters","False","1126.7"
"vepley","characters/models/exg/vepley/vepley.vmdl","characters","False","992.3"
"vepley","characters/models/upkk/vepley/vepley.vmdl","characters","False","1643.7"
"vepley arm","characters/models/upkk/vepley/vepley_arm.vmdl","characters","True","113.5"
"vepley nohitbox","characters/models/upkk/vepley/vepley_nohitbox.vmdl","characters","False","1642.9"
"victoire pisa","characters/models/upkk/victoire_pisa/victoire_pisa.vmdl","characters","False","693.3"
"victoire pisa nohitbox","characters/models/upkk/victoire_pisa/victoire_pisa_nohitbox.vmdl","characters","False","692.4"
"viewmodel arms prefab","characters/models/viewmodel_arms_prefab.vmdl","characters","True","121.2"
"vivian","characters/maoling/zenless_zone_zero/vivian/normal/vivian.vmdl","characters","False","900.7"
"vivian arms","characters/maoling/zenless_zone_zero/vivian/normal/arms/vivian_arms.vmdl","characters","True","148.7"
"vrc","characters/models/public_girlhands/vrc.vmdl","characters","False","154.9"
"vrc lime","characters/models/exg/vrc_lime/vrc_lime.vmdl","characters","False","2228.8"
"vrc lime arms","characters/models/exg/vrc_lime/vrc_lime_arms.vmdl","characters","True","167.3"
"vsinger","characters/models/upkk/vsinger/vsinger.vmdl","characters","False","1452.1"
"vsinger nohitbox","characters/models/upkk/vsinger/vsinger_nohitbox.vmdl","characters","False","1451.2"
"vulpes player model","characters/models/nozb1/vulpes_player_model/vulpes_player_model.vmdl","characters","False","1120"
"vulpes pm arm","characters/models/nozb1/vulpes_player_model/vulpes_pm_arm.vmdl","characters","True","77.6"
"w miku","characters/models/upkk/w_miku/w_miku.vmdl","characters","False","728.8"
"w miku arm","characters/models/upkk/w_miku/w_miku_arm.vmdl","characters","True","93.4"
"w miku nohitbox","characters/models/upkk/w_miku/w_miku_nohitbox.vmdl","characters","False","727.7"
"watame","characters/models/exg/watame/watame.vmdl","characters","False","1795.1"
"wdqyn","characters/models/upkk/akabdrs/wdqyn.vmdl","characters","False","476.5"
"wdqyn arm","characters/models/upkk/akabdrs/wdqyn_arm.vmdl","characters","True","115"
"wedding laffey","characters/models/wedding_laffey/wedding_laffey.vmdl","characters","False","694.8"
"wedding laffey arms","characters/models/wedding_laffey/wedding_laffey_arms.vmdl","characters","True","100.9"
"wedqyn nohitbox","characters/models/upkk/akabdrs/wedqyn_nohitbox.vmdl","characters","False","475.4"
"weilinai","characters/models/exg/chrisan/weilinai/weilinai.vmdl","characters","False","890.1"
"wesker","characters/models/exg/wesker/wesker.vmdl","characters","False","523.7"
"wide","characters/models/public_girlhands/wide.vmdl","characters","False","73.2"
"wings","characters/models/cirno/wings.vmdl","characters","False","14"
"wlda","characters/flux/wlda/wlda.vmdl","characters","False","100.3"
"wolferia","characters/models/wolferia/wolferia.vmdl","characters","False","1080.8"
"wolferia arms","characters/models/wolferia/wolferia_arms.vmdl","characters","True","266.1"
"wriothesley player model","characters/models/nozb1/wriothesley_player_model/wriothesley_player_model.vmdl","characters","False","456"
"wriothesley pm arm","characters/models/nozb1/wriothesley_player_model/wriothesley_pm_arm.vmdl","characters","True","83.3"
"wsjhm","characters/flux/wsjhm/wsjhm.vmdl","characters","False","459.9"
"wsjhm arms","characters/flux/wsjhm/wsjhm_arms.vmdl","characters","True","31.7"
"x saber","characters/models/upkk/x_saber/x_saber.vmdl","characters","False","415.3"
"x saber nohitbox","characters/models/upkk/x_saber/x_saber_nohitbox.vmdl","characters","False","414.2"
"xiaan","characters/models/xiaan/xiaan.vmdl","characters","False","1401.8"
"xiadie","characters/b_cansin/flux/xiadie/xiadie.vmdl","characters","False","222.5"
"xiadie arms","characters/b_cansin/flux/xiadie/xiadie_arms.vmdl","characters","True","125.9"
"xiadie ct","characters/b_cansin/flux/xiadie/xiadie_ct.vmdl","characters","False","1236.3"
"xiadie t","characters/b_cansin/flux/xiadie/xiadie_t.vmdl","characters","False","1177"
"xiaoyao","characters/models/xiaoyao/xiaoyao.vmdl","characters","False","2076.7"
"xide","characters/models/aquaz/hoshistar/xide/xide.vmdl","characters","False","888.8"
"xier summer","characters/models/upkk/xier_summer/xier_summer.vmdl","characters","False","647.1"
"xier summer nohitbox","characters/models/upkk/xier_summer/xier_summer_nohitbox.vmdl","characters","False","646.1"
"xinghui","characters/models/exg/xinghui/xinghui.vmdl","characters","False","848.6"
"xinghui","characters/models/upkk/xinghui/xinghui.vmdl","characters","False","736.7"
"xinghui arm","characters/models/upkk/xinghui/xinghui_arm.vmdl","characters","True","101.4"
"xinghui nohitbox","characters/models/upkk/xinghui/xinghui_nohitbox.vmdl","characters","False","735.6"
"xingqiong","characters/models/flux/xingqiong/xingqiong.vmdl","characters","False","280.6"
"xingye","characters/models/xingye/xingye.vmdl","characters","False","727"
"xjibei","characters/flux/xjibei/xjibei.vmdl","characters","False","596.2"
"xjibei arms","characters/flux/xjibei/xjibei_arms.vmdl","characters","True","93.3"
"xmanuka","characters/models/neon/xmanuka/xmanuka.vmdl","characters","False","3481.1"
"xnyy","characters/flux/xnyy/xnyy.vmdl","characters","False","1379.6"
"xnyy arms","characters/flux/xnyy/xnyy_arms.vmdl","characters","True","212.5"
"xueling","characters/models/xueling/xueling.vmdl","characters","False","1483.3"
"xueshi","characters/models/xueshi/xueshi.vmdl","characters","False","1340"
"yamakaze","characters/models/upkk/yamakaze/yamakaze.vmdl","characters","False","831.2"
"yamakaze","characters/models/yamakaze/yamakaze.vmdl","characters","False","1300.5"
"yamakaze nohitbox","characters/models/upkk/yamakaze/yamakaze_nohitbox.vmdl","characters","False","830.3"
"yaoyao","characters/models/uru/gm/genshin/yaoyao/yaoyao.vmdl","characters","False","772.7"
"yaoyao arms","characters/models/uru/gm/genshin/yaoyao/yaoyao_arms.vmdl","characters","True","63.4"
"yasina","characters/models/upkk/yasina/yasina.vmdl","characters","False","493.6"
"yasina nohitbox","characters/models/upkk/yasina/yasina_nohitbox.vmdl","characters","False","492"
"year v3 arms prefab","characters/models/hlym/year_v3/year_v3_arms_prefab.vmdl","characters","True","235.8"
"year v3 prefab","characters/models/hlym/year_v3/year_v3_prefab.vmdl","characters","False","394.8"
"yifu nl","characters/models/upkk/yifu_nl/yifu_nl.vmdl","characters","False","2219.3"
"yifu nl arms","characters/models/upkk/yifu_nl/yifu_nl_arms.vmdl","characters","True","191.3"
"yifu nl nohitbox","characters/models/upkk/yifu_nl/yifu_nl_nohitbox.vmdl","characters","False","2218.5"
"yixi","characters/models/exg/ruiyiwelkin/ciel/yixi.vmdl","characters","False","1341.3"
"yixi","characters/models/yixi/yixi.vmdl","characters","False","722.3"
"yixi arms","characters/models/yixi/arms/yixi_arms.vmdl","characters","True","356.5"
"ylcsd","characters/flux/ylcsd/ylcsd.vmdl","characters","False","1452.7"
"ylcsd arms","characters/flux/ylcsd/ylcsd_arms.vmdl","characters","True","113.9"
"yllll","characters/flux/yllll/yllll.vmdl","characters","False","563.7"
"yllll arms","characters/flux/yllll/yllll_arms.vmdl","characters","True","86.9"
"ylna","characters/flux/ylna/ylna.vmdl","characters","False","1118.2"
"ylna arms","characters/flux/ylna/ylna_arms.vmdl","characters","True","147.2"
"yog sothoth","characters/models/exg/yog_sothoth/yog_sothoth.vmdl","characters","False","4875.7"
"yomu sk2model","characters/models/hmn_sk2/touhou/yomu/yomu_sk2model.vmdl","characters","False","442.8"
"yomu sk2modelarm","characters/models/hmn_sk2/touhou/yomu/yomu_sk2modelarm.vmdl","characters","False","73.6"
"yorha 2b","characters/models/keung/yorha_2b/yorha_2b.vmdl","characters","False","693.1"
"yorha 2b arms","characters/models/keung/yorha_2b/yorha_2b_arms.vmdl","characters","True","100.3"
"yoshino player model","characters/models/nozb1/yoshino_player_model/yoshino_player_model.vmdl","characters","False","102.5"
"yoshino pm arm","characters/models/nozb1/yoshino_player_model/yoshino_pm_arm.vmdl","characters","True","36.1"
"youmu","characters/models/exg/oxygen/youmu/youmu.vmdl","characters","False","1437.4"
"youmu","characters/models/little/youmu.vmdl","characters","False","1256.9"
"youmu","characters/models/youmu/youmu.vmdl","characters","False","989.6"
"youniaoxia","characters/models/youniaoxia/youniaoxia.vmdl","characters","False","612.6"
"yousa","characters/models/keung/yousa/yousa.vmdl","characters","False","938.2"
"yousa arms","characters/models/keung/yousa/yousa_arms.vmdl","characters","True","116.9"
"yuexia huajia","characters/models/upkk/yuexia_huajia/yuexia_huajia.vmdl","characters","False","715.4"
"yuexia huajia nohitbox","characters/models/upkk/yuexia_huajia/yuexia_huajia_nohitbox.vmdl","characters","False","714.4"
"yueyao","characters/kianya/yueyao/yueyao.vmdl","characters","False","5307.5"
"yueyao arms","characters/kianya/yueyao/yueyao_arms.vmdl","characters","True","258.6"
"yukihana lamy","characters/models/kianya/vtuber/yukihana_lamy/yukihana_lamy.vmdl","characters","False","1520.1"
"yukihana lamy arms","characters/models/kianya/vtuber/yukihana_lamy/yukihana_lamy_arms.vmdl","characters","True","296.9"
"yumemizuki","characters/models/aquaz/hoshistar/yumemizuki/yumemizuki.vmdl","characters","False","3233"
"yun li","characters/maoling/star_rail/yun_li/normal/yun_li.vmdl","characters","False","1348.7"
"yun li 4k","characters/maoling/star_rail/yun_li/normal/yun_li_4k.vmdl","characters","False","1348.7"
"yun li 4k arms","characters/maoling/star_rail/yun_li/normal/arms/yun_li_4k_arms.vmdl","characters","True","156.6"
"yun li arms","characters/maoling/star_rail/yun_li/normal/arms/yun_li_arms.vmdl","characters","True","156.6"
"yuuka","characters/models/exg/yuuka/yuuka.vmdl","characters","False","464.7"
"yuuka","characters/models/upkk/yuuka/yuuka.vmdl","characters","False","756.2"
"yuuka arm","characters/models/upkk/yuuka/yuuka_arm.vmdl","characters","True","108.4"
"yuuka nohitbox","characters/models/upkk/yuuka/yuuka_nohitbox.vmdl","characters","False","755.1"
"yuzu","characters/models/exg/yuzu/yuzu.vmdl","characters","False","457.3"
"yuzuha swimsuit","characters/models/aquaz/hoshistar/yuzuha_swimsuit/yuzuha_swimsuit.vmdl","characters","False","1706.6"
"yvette","characters/models/upkk/yvette/yvette.vmdl","characters","False","563.2"
"yvette arm","characters/models/upkk/yvette/yvette_arm.vmdl","characters","True","69.5"
"yvette nohitbox","characters/models/upkk/yvette/yvette_nohitbox.vmdl","characters","False","561"
"zaolaiyouxiang","characters/models/zaolaiyouxiang/zaolaiyouxiang.vmdl","characters","False","946.3"
"zdj","characters/models/aquaz/hoshistar/zdj/zdj.vmdl","characters","False","2468"
"zero","characters/models/oylsister/drakengard_3/zero_new/zero.vmdl","characters","False","531.9"
"zero","characters/models/oylsister/drakengard_3/zero/zero.vmdl","characters","False","701"
"zero arms","characters/models/oylsister/drakengard_3/zero_new/zero_arms.vmdl","characters","True","164.9"
"zero arms","characters/models/oylsister/drakengard_3/zero/zero_arms.vmdl","characters","True","105.2"
"zerorem player model","characters/models/nozb1/zerorem_player_model/zerorem_player_model.vmdl","characters","False","3379.5"
"zerorem pm arm","characters/models/nozb1/zerorem_player_model/zerorem_pm_arm.vmdl","characters","True","193.1"
"zfjh","characters/flux/zfjh/zfjh.vmdl","characters","False","1751"
"zfjh arms","characters/flux/zfjh/zfjh_arms.vmdl","characters","True","113.9"
"zgjs","characters/models/exg/mmy/jsmx/3/zgjs.vmdl","characters","False","152.2"
"zgnnn","characters/flux/zgnnn/zgnnn.vmdl","characters","False","512.2"
"zgnnn arms","characters/flux/zgnnn/zgnnn_arms.vmdl","characters","True","84.1"
"zhuiyongrihe","characters/models/zhuiyongrihe/zhuiyongrihe.vmdl","characters","False","1293"
"zjunko","characters/models/upkk/junko/zjunko.vmdl","characters","False","437.8"
"zjunko arm","characters/models/upkk/junko/zjunko_arm.vmdl","characters","True","105.1"
"zmizuno","characters/models/upkk/mizuno/zmizuno.vmdl","characters","False","518.5"
"zmizuno arm","characters/models/upkk/mizuno/zmizuno_arm.vmdl","characters","True","213.1"
"zombie","characters/models/exg/pm_items_fix/zombie.vmdl","characters","False","148.5"
"zombie bsi","characters/models/s2ze/bsi_zombie/zombie_bsi.vmdl","characters","False","129.1"
"zombie bsi arms","characters/models/s2ze/bsi_zombie/zombie_bsi_arms.vmdl","characters","True","116.3"
"zombie cultist","characters/models/s2ze/zombie_cultist/zombie_cultist.vmdl","characters","False","260.6"
"zombie cultist arms","characters/models/s2ze/zombie_cultist/zombie_cultist_arms.vmdl","characters","True","203.1"
"zombie fairy","characters/models/zombie_fairy/zombie_fairy.vmdl","characters","False","576.6"
"zombie frozen","characters/models/s2ze/zombie_frozen/zombie_frozen.vmdl","characters","False","364.4"
"zombie frozen arms","characters/models/s2ze/zombie_frozen/zombie_frozen_arms.vmdl","characters","True","77.5"
"zombie miwu","characters/models/exg/chrisan/miwu/zombie_miwu.vmdl","characters","False","156"
"zombie miwu","characters/models/exg/miwu/zombie_miwu.vmdl","characters","False","156"
"zombie trap","characters/models/hoshistar/zombiezeta/zombieprops/zombie_trap/zombie_trap.vmdl","characters","False","67"
"zombie xiaoao","characters/models/exg/chrisan/xiaoao/zombie_xiaoao.vmdl","characters","False","147.5"
"zombiepile","characters/models/hoshistar/zombiezeta/zombieprops/zombiepile/zombiepile.vmdl","characters","False","50.4"
"zome","characters/models/upkk/zome/zome.vmdl","characters","False","1092.3"
"zome arms","characters/models/upkk/zome/zome_arms.vmdl","characters","True","147.5"
"zome nohitbox","characters/models/upkk/zome/zome_nohitbox.vmdl","characters","False","1092.1"
"zuidai","characters/models/zuidai/zuidai.vmdl","characters","False","262.4"
"zuidai2","characters/models/zuidai/zuidai2.vmdl","characters","False","316"
"zuidai3","characters/models/zuidai/zuidai3.vmdl","characters","False","256.8"
"zuidai4","characters/models/zuidai/zuidai4.vmdl","characters","False","214.9"
"zuidai4 light","characters/models/zuidai/zuidai4_light.vmdl","characters","False","128.4"
"menu","materials/menu/menu.vmdl","materials","False","4.2"
"agang","models/exg/hero/agang.vmdl","models","False","811.9"
"animated mari","models/hoshistar/fumo/animated_fumo/animated_mari.vmdl","models","False","492.5"
"animated mika","models/hoshistar/fumo/animated_fumo/animated_mika.vmdl","models","False","434.2"
"animated yuka","models/hoshistar/fumo/animated_fumo/animated_yuka.vmdl","models","False","257.3"
"arlecchino","models/nozb1/denhet/genshin_impact/arlecchino/arlecchino.vmdl","models","False","464"
"arlecchino arm","models/nozb1/denhet/genshin_impact/arlecchino/arlecchino_arm.vmdl","models","True","99.7"
"armstrong","models/exg/armstrong/armstrong.vmdl","models","False","316.1"
"armstrong","models/exg/hero/armstrong.vmdl","models","False","3344.7"
"armstrong","models/exg/jxuanyou/armstrong.vmdl","models","False","115.2"
"arrow","models/xrole/remilia/arrow/arrow.vmdl","models","False","8.1"
"ball","models/bullet/ice/ball.vmdl","models","False","15.6"
"barlog exg2","models/exg/hero/barlog_exg2.vmdl","models","False","324"
"bat","models/xrole/remilia/bat/bat.vmdl","models","False","13.2"
"belle","models/nozb1/denhet/zenless_zone_zero/belle/belle.vmdl","models","False","835.6"
"belle arm","models/nozb1/denhet/zenless_zone_zero/belle/belle_arm.vmdl","models","True","50.4"
"ben","models/nozb1/denhet/zenless_zone_zero/ben/ben.vmdl","models","False","744.8"
"ben arm","models/nozb1/denhet/zenless_zone_zero/ben/ben_arm.vmdl","models","True","104.5"
"black","models/xrole/rumia/black.vmdl","models","False","42.1"
"black inside","models/xrole/rumia/black_inside.vmdl","models","False","42.1"
"black outside","models/xrole/rumia/black_outside.vmdl","models","False","41.2"
"boomer","models/exg/hero/boomer.vmdl","models","False","523.6"
"box","models/xrole/reimu/box.vmdl","models","False","116.6"
"bronya","models/maoling/pet/honkai_impact/bronya/bronya.vmdl","models","False","132.2"
"broom","models/xrole/marisa/broom.vmdl","models","False","149.7"
"burnice","models/nozb1/denhet/zenless_zone_zero/burnice/burnice.vmdl","models","False","761.8"
"burnice arm","models/nozb1/denhet/zenless_zone_zero/burnice/burnice_arm.vmdl","models","True","66.7"
"butterfly","models/bullet/butterfly/butterfly.vmdl","models","False","17.9"
"caesar king","models/nozb1/denhet/zenless_zone_zero/caesar_king/caesar_king.vmdl","models","False","940.8"
"caesar king arm","models/nozb1/denhet/zenless_zone_zero/caesar_king/caesar_king_arm.vmdl","models","True","115.3"
"carrot","models/bullet/carrot/carrot.vmdl","models","False","15.3"
"case hoshi","models/cgmentos/case_hoshi.vmdl","models","False","100.8"
"challenge coin","models/maoling/coin/challenge_coin.vmdl","models","False","10.1"
"charge","models/exg/rm_charge/charge.vmdl","models","False","32.7"
"charger","models/exg/hero/charger.vmdl","models","False","442.3"
"chiffon angle","models/maoling/spray/chiffon_angle.vmdl","models","False","4.3"
"clonride","models/nozb1/denhet/genshin_impact/clonride/clonride.vmdl","models","False","493.5"
"clonride arm","models/nozb1/denhet/genshin_impact/clonride/clonride_arm.vmdl","models","True","77"
"comet ring","models/xrole/marisa/comet_ring.vmdl","models","False","4.2"
"crow","models/xrole/aya/crow.vmdl","models","False","124.3"
"daobo 01","models/exg_hero/daobo/daobo_01.vmdl","models","False","8"
"daobo 02","models/exg_hero/daobo/daobo_02.vmdl","models","False","104.6"
"daobo 03","models/exg_hero/daobo/daobo_03.vmdl","models","False","110.6"
"daobo leishen 01","models/exg_hero/daobo/daobo_leishen_01.vmdl","models","False","6.5"
"ddm","models/exg/ddm/ddm.vmdl","models","False","153"
"diluc","models/nozb1/denhet/zenless_zone_zero/diluc/diluc.vmdl","models","False","1706.9"
"diluc arm","models/nozb1/denhet/zenless_zone_zero/diluc/diluc_arm.vmdl","models","True","138.3"
"dufflebag","models/fys/cash/dufflebag.vmdl","models","False","49.8"
"ef gluttony wind","models/eff/ef_gluttony_wind.vmdl","models","False","52.8"
"ef zg revenant","models/eff/ef_zg_revenant.vmdl","models","False","11.3"
"ellen joe arm","models/nozb1/denhet/zenless_zone_zero/ellen_joe/ellen_joe_arm.vmdl","models","True","91.6"
"ellen joe player model","models/nozb1/denhet/zenless_zone_zero/ellen_joe/ellen_joe_player_model.vmdl","models","False","626.8"
"eyedoom","models/eyedoom/eyedoom.vmdl","models","False","57.7"
"firedash","models/eff/firedash.vmdl","models","False","15.2"
"flanwpn","models/xrole/flandre/flanwpn.vmdl","models","False","1.8"
"fly","models/exg/runman/fly.vmdl","models","False","79.3"
"fu lian","models/2en0w/exg/newyear/fu_lian.vmdl","models","False","15.6"
"fys soccerball","models/fys/soccer/fys_soccerball.vmdl","models","False","8"
"fyw","models/maoling/pet/honkai_impact/fyw/fyw.vmdl","models","False","117"
"gabranth exg","models/tianli/ffnt/exg/gabranth/gabranth_exg.vmdl","models","False","3794.1"
"ganggenier","models/xrole/remilia/ganggenier/ganggenier.vmdl","models","False","70.1"
"ghost","models/xrole/youmu/ghost.vmdl","models","False","4.3"
"gibs combined","models/fys/gibs/gibs_combined.vmdl","models","False","8.8"
"gossip furnace","models/bullet/masterspark/gossip_furnace.vmdl","models","False","72.6"
"grace","models/nozb1/denhet/zenless_zone_zero/grace/grace.vmdl","models","False","1053.7"
"grace arm","models/nozb1/denhet/zenless_zone_zero/grace/grace_arm.vmdl","models","True","167.9"
"groundcrack","models/eff/groundcrack.vmdl","models","False","54.7"
"haipa","models/maoling/pet/misc/haipa/haipa.vmdl","models","False","223.9"
"hammer","models/bullet/ice/hammer.vmdl","models","False","129.5"
"hdqs","models/exg/hdqs/hdqs.vmdl","models","False","221.9"
"head 0","models/maoling/binding/head_0.vmdl","models","False","4.8"
"healthpack","models/therazu/props/healthpack/healthpack.vmdl","models","False","22.9"
"heart","models/bullet/heart/heart.vmdl","models","False","70.6"
"ice","models/bullet/ice/ice.vmdl","models","False","11.9"
"icecube zombie","models/2en0w/exg/icecube_zombie/icecube_zombie.vmdl","models","False","23.7"
"icicle","models/bullet/ice/icicle.vmdl","models","False","10.3"
"icicle","models/xrole/cirno/icicle.vmdl","models","False","45.7"
"jane doe","models/nozb1/denhet/zenless_zone_zero/jane_doe/jane_doe.vmdl","models","False","512.8"
"jane doe arm","models/nozb1/denhet/zenless_zone_zero/jane_doe/jane_doe_arm.vmdl","models","True","187.8"
"kasa","models/xrole/tatara/kasa.vmdl","models","False","125.2"
"kasumizawa miyu","models/b_cansin/blue_archive/momo_rui/kasumizawa_miyu/kasumizawa_miyu.vmdl","models","False","2151.3"
"kasumizawa miyu ct 2","models/b_cansin/blue_archive/momo_rui/kasumizawa_miyu/kasumizawa_miyu_ct_2.vmdl","models","False","2194.6"
"katana","models/xrole/youmu/katana.vmdl","models","False","63.3"
"kedama chicken","models/kedama/kedama_chicken.vmdl","models","False","85.2"
"keqing","models/maoling/pet/genshin_impact/keqing/keqing.vmdl","models","False","173.3"
"kiana","models/maoling/pet/honkai_impact/kiana/kiana.vmdl","models","False","129.3"
"kiana","models/maoling/pet/honkai_impact/kianamoonq/kiana.vmdl","models","False","141.1"
"kiana flame","models/maoling/pet/honkai_impact/kiana_flame/kiana_flame.vmdl","models","False","153.2"
"knife","models/bullet/knife/knife.vmdl","models","False","25"
"koleda","models/nozb1/denhet/zenless_zone_zero/koleda/koleda.vmdl","models","False","733.5"
"koleda arm","models/nozb1/denhet/zenless_zone_zero/koleda/koleda_arm.vmdl","models","True","45.1"
"kwl","models/exg/kwl/kwl.vmdl","models","False","188.8"
"lasermine","models/fys/lasermine/lasermine.vmdl","models","False","9.2"
"leader mark","models/leader_mark/leader_mark.vmdl","models","False","11.6"
"leishen","models/exg/hero/leishen.vmdl","models","False","2151.1"
"lucy","models/nozb1/denhet/zenless_zone_zero/lucy/lucy.vmdl","models","False","874.5"
"lucy arm","models/nozb1/denhet/zenless_zone_zero/lucy/lucy_arm.vmdl","models","True","112.8"
"lunyi","models/exg/lunyi/lunyi.vmdl","models","False","95.3"
"lycaon","models/nozb1/denhet/zenless_zone_zero/lycaon/lycaon.vmdl","models","False","551.5"
"lycaon arm","models/nozb1/denhet/zenless_zone_zero/lycaon/lycaon_arm.vmdl","models","True","96.5"
"magic potion","models/bullet/magic_potion/magic_potion.vmdl","models","False","21.3"
"manuka","models/maoling/spray/manuka.vmdl","models","False","4.4"
"masterspark","models/bullet/masterspark/masterspark.vmdl","models","False","59.9"
"mavuika","models/nozb1/denhet/genshin_impact/mavuika/mavuika.vmdl","models","False","550.6"
"mavuika arm","models/nozb1/denhet/genshin_impact/mavuika/mavuika_arm.vmdl","models","True","116.8"
"mei","models/maoling/pet/honkai_impact/meievilq/mei.vmdl","models","False","478.4"
"milltina","models/maoling/spray/milltina.vmdl","models","False","4.2"
"neck 0","models/maoling/binding/neck_0.vmdl","models","False","4.8"
"necomata","models/nozb1/denhet/zenless_zone_zero/necomata/necomata.vmdl","models","False","820.9"
"necomata arm","models/nozb1/denhet/zenless_zone_zero/necomata/necomata_arm.vmdl","models","True","80.5"
"needle","models/bullet/needle/needle.vmdl","models","False","6.1"
"nicole","models/nozb1/denhet/zenless_zone_zero/nicole/nicole.vmdl","models","False","432.2"
"nicole arm","models/nozb1/denhet/zenless_zone_zero/nicole/nicole_arm.vmdl","models","True","59"
"null","models/null.vmdl","models","False","6.7"
"null hitbox","models/null_hitbox.vmdl","models","False","7.7"
"object comball","models/cgmentos/object_comball.vmdl","models","False","30.7"
"oval","models/bullet/oval/oval.vmdl","models","False","15.2"
"parabolic","models/bullet/parabolic/parabolic.vmdl","models","False","32.4"
"pelvis","models/maoling/binding/pelvis.vmdl","models","False","4.8"
"piece","models/fys/gibs/piece.vmdl","models","False","13.9"
"piece 01","models/fys/gibs/piece_01.vmdl","models","False","16.3"
"piece1","models/fys/gibs/piece1.vmdl","models","False","16.5"
"piece2","models/fys/gibs/piece2.vmdl","models","False","15.1"
"piece3","models/fys/gibs/piece3.vmdl","models","False","21.3"
"prism","models/xrole/flandre/prism.vmdl","models","False","23.8"
"pyramid","models/bullet/pyramid/pyramid.vmdl","models","False","5.2"
"qiqi","models/nozb1/denhet/zenless_zone_zero/qiqi/qiqi.vmdl","models","False","593.1"
"qiqi arm","models/nozb1/denhet/zenless_zone_zero/qiqi/qiqi_arm.vmdl","models","True","71.4"
"raidenshogun","models/nozb1/denhet/genshin_impact/raidenshogun/raidenshogun.vmdl","models","False","329.9"
"raidenshogun arm","models/nozb1/denhet/genshin_impact/raidenshogun/raidenshogun_arm.vmdl","models","True","49.7"
"red","models/fys/laser/red.vmdl","models","False","5.9"
"rina","models/nozb1/denhet/zenless_zone_zero/rina/rina.vmdl","models","False","832.9"
"rina arm","models/nozb1/denhet/zenless_zone_zero/rina/rina_arm.vmdl","models","True","199.3"
"rocks1","models/eff/rocks1.vmdl","models","False","42.1"
"rocks2","models/eff/rocks2.vmdl","models","False","20.3"
"running","models/exg/running/running.vmdl","models","False","31.2"
"sandbagcover","models/exg/sandbagcover.vmdl","models","False","201.9"
"seth","models/nozb1/denhet/zenless_zone_zero/seth/seth.vmdl","models","False","833.7"
"seth arm","models/nozb1/denhet/zenless_zone_zero/seth/seth_arm.vmdl","models","True","62.3"
"sfls","models/exg/hero/sfls.vmdl","models","False","677.8"
"sgqs","models/exg/sgqs/sgqs.vmdl","models","False","226.5"
"sit kikyo","models/hoshistar/fumo/sit_fumo/sit_kikyo.vmdl","models","False","58.6"
"sit manuka","models/hoshistar/fumo/sit_fumo/sit_manuka.vmdl","models","False","80.1"
"sit maya","models/hoshistar/fumo/sit_fumo/sit_maya.vmdl","models","False","145.9"
"sit moe","models/hoshistar/fumo/sit_fumo/sit_moe.vmdl","models","False","81.1"
"sit selestia","models/hoshistar/fumo/sit_fumo/sit_selestia.vmdl","models","False","79.8"
"sleeve kasumizawa miyu","models/b_cansin/blue_archive/momo_rui/kasumizawa_miyu/sleeve_kasumizawa_miyu.vmdl","models","False","39.8"
"snowman","models/xrole/letty/snowman.vmdl","models","False","66.7"
"spell","models/xrole/reimu/spell.vmdl","models","False","11.7"
"spell laser","models/xrole/reimu/spell_laser.vmdl","models","False","12.8"
"sphere","models/bullet/sphere/sphere.vmdl","models","False","9.5"
"sphere","models/xrole/marisa/sphere.vmdl","models","False","14.3"
"sphere pentagon","models/sphere_shield/sphere_pentagon.vmdl","models","False","578.3"
"sphere shield","models/sphere_shield/sphere_shield.vmdl","models","False","612.2"
"spine 0","models/maoling/binding/spine_0.vmdl","models","False","4.8"
"spine 1","models/maoling/binding/spine_1.vmdl","models","False","4.8"
"spine 2","models/maoling/binding/spine_2.vmdl","models","False","4.8"
"spine 3","models/maoling/binding/spine_3.vmdl","models","False","4.8"
"stand chiffon","models/hoshistar/fumo/stand_fumo/stand_chiffon.vmdl","models","False","109.3"
"stand chocolat","models/hoshistar/fumo/stand_fumo/stand_chocolat.vmdl","models","False","77.2"
"stand eku","models/hoshistar/fumo/stand_fumo/stand_eku.vmdl","models","False","89.6"
"stand kipfel","models/hoshistar/fumo/stand_fumo/stand_kipfel.vmdl","models","False","93.9"
"stand mafuyu","models/hoshistar/fumo/stand_fumo/stand_mafuyu.vmdl","models","False","81"
"stand milfy","models/hoshistar/fumo/stand_fumo/stand_milfy.vmdl","models","False","81"
"stand milltina","models/hoshistar/fumo/stand_fumo/stand_milltina.vmdl","models","False","83.1"
"stand moe","models/hoshistar/fumo/stand_fumo/stand_moe.vmdl","models","False","92.9"
"stand shinano","models/hoshistar/fumo/stand_fumo/stand_shinano.vmdl","models","False","88.9"
"star","models/bullet/star/star.vmdl","models","False","98"
"star","models/xrole/sanae/star.vmdl","models","False","14.4"
"starchasm live2d","models/maoling/spray/starchasm_live2d.vmdl","models","False","4.6"
"supplybox","models/exg/supplybox/supplybox.vmdl","models","False","24.2"
"sword","models/xrole/cirno/sword.vmdl","models","False","94.3"
"sword dim","models/sword/sword_dim.vmdl","models","False","147"
"talisman","models/bullet/talisman/talisman.vmdl","models","False","6.4"
"tank","models/exg/hero/tank.vmdl","models","False","204"
"tartaglia","models/nozb1/denhet/genshin_impact/tartaglia/tartaglia.vmdl","models","False","339.2"
"tartaglia arm","models/nozb1/denhet/genshin_impact/tartaglia/tartaglia_arm.vmdl","models","True","57.3"
"tm","models/exg/tm/tm.vmdl","models","False","237.5"
"tools chicken","models/2en0w/exg/pve/tools/tools_chicken.vmdl","models","False","107.6"
"turtle combined","models/fys/gibs/turtle_combined.vmdl","models","False","8.6"
"v kasumizawa miyu bare arms","models/b_cansin/blue_archive/momo_rui/kasumizawa_miyu/v_kasumizawa_miyu_bare_arms.vmdl","models","True","84.9"
"v kasumizawa miyu glove fullfinger","models/b_cansin/blue_archive/momo_rui/kasumizawa_miyu/v_kasumizawa_miyu_glove_fullfinger.vmdl","models","False","88.9"
"v kedama nade","models/kedama/v_kedama_nade.vmdl","models","False","102"
"v knife","models/knife/v_knife.vmdl","models","False","25.3"
"vending turtle","models/turtle/vending_turtle.vmdl","models","False","24.6"
"vergil","models/exg/hero/vergil.vmdl","models","False","4703.4"
"wanderer","models/nozb1/denhet/genshin_impact/wanderer/wanderer.vmdl","models","False","467.6"
"wanderer arm","models/nozb1/denhet/genshin_impact/wanderer/wanderer_arm.vmdl","models","True","56.1"
"wave","models/bullet/wave/wave.vmdl","models","False","8.5"
"weaponcase kongtou","models/cgmentos/weaponcase_kongtou.vmdl","models","False","37.9"
"wind bullet","models/xrole/aya/wind_bullet.vmdl","models","False","19.5"
"windwall","models/7ychu5/hoshics/windwall/windwall.vmdl","models","False","8.7"
"wise","models/nozb1/denhet/zenless_zone_zero/wise/wise.vmdl","models","False","626.9"
"wise arm","models/nozb1/denhet/zenless_zone_zero/wise/wise_arm.vmdl","models","True","63.8"
"wolf","models/xrole/kagerou/wolf.vmdl","models","False","36.6"
"xiaojiba","models/exg/xiaoji/xiaojiba.vmdl","models","False","710.7"
"yae miko","models/nozb1/denhet/genshin_impact/yae_miko/yae_miko.vmdl","models","False","406"
"yae miko arm","models/nozb1/denhet/genshin_impact/yae_miko/yae_miko_arm.vmdl","models","True","70.5"
"yanagi","models/nozb1/denhet/zenless_zone_zero/yanagi/yanagi.vmdl","models","False","831.6"
"yanagi arm","models/nozb1/denhet/zenless_zone_zero/yanagi/yanagi_arm.vmdl","models","True","57.9"
"ybl","models/exg/ybl/ybl.vmdl","models","False","309.3"
"ygglf","models/exg/ygglf/ygglf.vmdl","models","False","234.6"
"yinyang","models/bullet/yinyang/yinyang.vmdl","models","False","34.5"
"yl","models/exg/yl/yl.vmdl","models","False","254.1"
"yxds","models/exg/boss/yxds/yxds.vmdl","models","False","466.9"
"zhongli","models/nozb1/denhet/genshin_impact/zhongli/zhongli.vmdl","models","False","302.2"
"zhongli arm","models/nozb1/denhet/genshin_impact/zhongli/zhongli_arm.vmdl","models","True","61.6"
"zhu yuan","models/nozb1/denhet/zenless_zone_zero/zhu_yuan/zhu_yuan.vmdl","models","False","588.1"
"zhu yuan arm","models/nozb1/denhet/zenless_zone_zero/zhu_yuan/zhu_yuan_arm.vmdl","models","True","82.5"
"zixingche1","models/exg/zixingche1/zixingche1.vmdl","models","False","150"
"zq","models/exg/zq/zq.vmdl","models","False","161.5"
"zxl","models/exg/zxl/zxl.vmdl","models","False","223.3"
"air plane","particles/ruiyiwelkin/models/al_hms_formidable/airplane/air_plane.vmdl","particles","False","83.4"
"butterfly","particles/7ychu5/models/aquaz_lily/models/butterfly.vmdl","particles","False","42.3"
"butterfly","particles/7ychu5/models/hutao_halloween/models/butterfly.vmdl","particles","False","12.2"
"butterfly2","particles/7ychu5/models/hutao_halloween/models/butterfly2.vmdl","particles","False","9.1"
"crystal","particles/7ychu5/models/airi/models/crystal.vmdl","particles","False","15.1"
"crystal","particles/7ychu5/models/chiffon_fox/models/crystal.vmdl","particles","False","15.5"
"crystal","particles/ruiyiwelkin/models/attilio_regolo/model/crystal.vmdl","particles","False","13.9"
"crystal","particles/ruiyiwelkin/models/v_sakura/model/crystal.vmdl","particles","False","10.8"
"crystal 2","particles/7ychu5/models/chiffon_fox/models/crystal_2.vmdl","particles","False","8.2"
"csol holysword","particles/7ychu5/weapons/slot3/csol_holysword/models/csol_holysword.vmdl","particles","False","195.3"
"dragon","particles/7ychu5/models/lime_dragon/model/dragon.vmdl","particles","False","181.3"
"ef m3dragonex sign","particles/7ychu5/hoshics/weapon_sp/m3dragonex/models/ef_m3dragonex_sign.vmdl","particles","False","8.3"
"engram","particles/7ychu5/models/raivo/models/engram.vmdl","particles","False","58.4"
"heart","particles/7ychu5/models/lasyusha/models/heart.vmdl","particles","False","63.1"
"ice","particles/ruiyiwelkin/models/tashkent/model/ice.vmdl","particles","False","45"
"ice cluster","particles/7ychu5/hoshics/weapon_sp/ice_lover/models/ice_cluster.vmdl","particles","False","10.5"
"ice crysatl","particles/ruiyiwelkin/models/tashkent/model/ice_crysatl.vmdl","particles","False","4.8"
"lover","particles/ruiyiwelkin/models/39neko/model/lover.vmdl","particles","False","14.5"
"m3dragon effect","particles/7ychu5/hoshics/weapon_sp/m3dragon/models/m3dragon_effect.vmdl","particles","False","177.3"
"m3dragonex ef","particles/7ychu5/hoshics/weapon_sp/m3dragonex/models/m3dragonex_ef.vmdl","particles","False","66.7"
"moon","particles/ruiyiwelkin/models/ppq/moon/moon.vmdl","particles","False","49.5"
"neko","particles/ruiyiwelkin/models/shinano_kotori/model/neko.vmdl","particles","False","73.7"
"ppq butterfly","particles/ruiyiwelkin/models/ppq/butterfly/ppq_butterfly.vmdl","particles","False","42.8"
"ref wave a","particles/7ychu5/weapons/slot1/csol_pianogun/models/ref_wave_a.vmdl","particles","False","9.6"
"ring 1","particles/7ychu5/models/shiroha/ring_1.vmdl","particles","False","81.8"
"rose","particles/7ychu5/models/haku_black_wedding_dress/models/rose.vmdl","particles","False","58.5"
"shell casing","particles/aur1c/ammoshell/shell_casing.vmdl","particles","False","12.6"
"shell casing","particles/aur1c/hgr556/shell_casing.vmdl","particles","False","12.6"
"trinagle","particles/7ychu5/models/raivo/models/trinagle.vmdl","particles","False","3.8"
"vortex","particles/7ychu5/models/raivo/models/vortex.vmdl","particles","False","6.2"
"93xpolice ag2","phase2/characters/models/police/93xpolice_ag2.vmdl","phase2","False","157.1"
"abba ag2","phase2/characters/models/flux/abba/abba_ag2.vmdl","phase2","False","126"
"aemeath ag2","phase2/characters/models/asmodeus/aemeath/aemeath_ag2.vmdl","phase2","False","204.9"
"ag2","phase2/characters/models/upkk/eyjafjalla/ag2.vmdl","phase2","False","173.7"
"ag2","phase2/characters/models/upkk/hakurei_reimu/ag2.vmdl","phase2","False","125.8"
"aimesh ag2","phase2/characters/models/upkk/aimesh/aimesh_ag2.vmdl","phase2","False","77.8"
"aimesh nohitbox ag2","phase2/characters/models/upkk/aimesh/aimesh_nohitbox_ag2.vmdl","phase2","False","77.8"
"aisaka taiga ag2","phase2/characters/models/aisaka_taiga/aisaka_taiga_ag2.vmdl","phase2","False","94"
"aisaka taiga ag2","phase2/characters/models/oylsister/uma_musume/gold_ship/aisaka_taiga_ag2.vmdl","phase2","False","122.9"
"akame ag2","phase2/characters/models/upkk/akame/akame_ag2.vmdl","phase2","False","51"
"akame nohitbox ag2","phase2/characters/models/upkk/akame/akame_nohitbox_ag2.vmdl","phase2","False","51"
"alxyyy ag2","phase2/characters/flux/alxyyy/alxyyy_ag2.vmdl","phase2","False","84.3"
"alyayz ag2","phase2/characters/flux/alyayz/alyayz_ag2.vmdl","phase2","False","186.8"
"amamiya kokoro ag2","phase2/characters/models/upkk/amamiya_kokoro/amamiya_kokoro_ag2.vmdl","phase2","False","145.3"
"angela  nohitbox ag2","phase2/characters/models/upkk/angela_balzac/angela__nohitbox_ag2.vmdl","phase2","False","392.9"
"angela ag2","phase2/characters/models/upkk/angela_balzac/angela_ag2.vmdl","phase2","False","392.9"
"anime girl ag2","phase2/characters/models/flux/anime_girl/anime_girl_ag2.vmdl","phase2","False","133.8"
"anon ag2","phase2/characters/models/upkk/anon/anon_ag2.vmdl","phase2","False","115.3"
"anon nohitbox ag2","phase2/characters/models/upkk/anon/anon_nohitbox_ag2.vmdl","phase2","False","115.3"
"aphrodite ag2","phase2/characters/flux/aphrodite/aphrodite_ag2.vmdl","phase2","False","115.1"
"aqua ag2","phase2/characters/models/minatoaqua/aqua_ag2.vmdl","phase2","False","100.6"
"aqua nohitbox ag2","phase2/characters/models/minatoaqua/aqua_nohitbox_ag2.vmdl","phase2","False","100.6"
"aris sd ag2","phase2/characters/models/rss/aris_sd/aris_sd_ag2.vmdl","phase2","False","211.6"
"arms new","phase2/characters/models/oylsister/uma_musume/gold_ship/arms_new.vmdl","phase2","True","114"
"arona ag2","phase2/characters/models/upkk/byd_cat/arona/arona_ag2.vmdl","phase2","False","274.5"
"arona nohitbox ag2","phase2/characters/models/upkk/byd_cat/arona/arona_nohitbox_ag2.vmdl","phase2","False","274.5"
"arya ag2","phase2/characters/models/upkk/arya/arya_ag2.vmdl","phase2","False","117.9"
"arya nohitbox ag2","phase2/characters/models/upkk/arya/arya_nohitbox_ag2.vmdl","phase2","False","117.9"
"astra yao ag2","phase2/characters/models/asmodeus/astra_yao/astra_yao_ag2.vmdl","phase2","False","152.9"
"avatar elysia ag2","phase2/characters/models/flux/avatar_elysia/avatar_elysia_ag2.vmdl","phase2","False","107.1"
"ayaka ag2","phase2/characters/maoling/genshin_impact/ayaka/normal/ayaka_ag2.vmdl","phase2","False","89"
"bachongying ag2","phase2/characters/models/bachongying/bachongying_ag2.vmdl","phase2","False","127.8"
"baisha ag2","phase2/characters/models/upkk/baisha/baisha_ag2.vmdl","phase2","False","125.8"
"baisha nohitbox ag2","phase2/characters/models/upkk/baisha/baisha_nohitbox_ag2.vmdl","phase2","False","125.8"
"bansy ag2","phase2/characters/maoling/ananta/bansy/normal/bansy_ag2.vmdl","phase2","False","118"
"beelzebul ag2","phase2/characters/flux/beelzebul/normal/beelzebul_ag2.vmdl","phase2","False","195.3"
"beelzebul ag2","phase2/characters/maoling/genshin_impact/beelzebul/normal/beelzebul_ag2.vmdl","phase2","False","195.4"
"berenica ag2","phase2/characters/maoling/duet_night_abyss/berenica/normal/berenica_ag2.vmdl","phase2","False","74.6"
"bfluka ag2","phase2/characters/models/upkk/bfluka/bfluka_ag2.vmdl","phase2","False","124.2"
"bfluka nohitbox ag2","phase2/characters/models/upkk/bfluka/bfluka_nohitbox_ag2.vmdl","phase2","False","124.2"
"bkh ag2","phase2/characters/models/bkh/bkh_ag2.vmdl","phase2","False","227.2"
"bkh nohitbox ag2","phase2/characters/models/bkh/bkh_nohitbox_ag2.vmdl","phase2","False","227.2"
"brahma ag2","phase2/characters/models/asmodeus/brahma/brahma_ag2.vmdl","phase2","False","95.3"
"bronia ag2","phase2/characters/models/upkk/bronia/bronia_ag2.vmdl","phase2","False","97.2"
"bronia nohitbox ag2","phase2/characters/models/upkk/bronia/bronia_nohitbox_ag2.vmdl","phase2","False","97.2"
"bronya ag2","phase2/characters/maoling/honkai_impact/bronya/eva/bronya_ag2.vmdl","phase2","False","71.1"
"busit ag2","phase2/characters/models/upkk/busit/busit_ag2.vmdl","phase2","False","198.3"
"busit nohitbox ag2","phase2/characters/models/upkk/busit/busit_nohitbox_ag2.vmdl","phase2","False","198.3"
"camellya ag2","phase2/characters/flux/camellya/normal/camellya_ag2.vmdl","phase2","False","124.5"
"camellya ag2","phase2/characters/maoling/wuthering_waves/camellya/normal/camellya_ag2.vmdl","phase2","False","124.6"
"camellya ag2","phase2/characters/models/upkk/camellya/camellya_ag2.vmdl","phase2","False","112.9"
"camellya nohitbox ag2","phase2/characters/models/upkk/camellya/camellya_nohitbox_ag2.vmdl","phase2","False","112.9"
"cantarella ag2","phase2/characters/maoling/wuthering_waves/cantarella/normal/cantarella_ag2.vmdl","phase2","False","145.3"
"cartethyia ag2","phase2/characters/maoling/wuthering_waves/cartethyia/normal/cartethyia_ag2.vmdl","phase2","False","152.9"
"castorice ag2","phase2/characters/maoling/star_rail/castorice/normal/castorice_ag2.vmdl","phase2","False","74.6"
"cat aqua ag2","phase2/characters/models/upkk/cat_aqua/cat_aqua_ag2.vmdl","phase2","False","112.7"
"cat aqua nohitbox ag2","phase2/characters/models/upkk/cat_aqua/cat_aqua_nohitbox_ag2.vmdl","phase2","False","112.7"
"celestia ag2","phase2/characters/maoling/strinova/celestia/stellar_tide/celestia_ag2.vmdl","phase2","False","119.4"
"celestia ag2","phase2/characters/maoling/strinova/celestia/twilight_reverie/celestia_ag2.vmdl","phase2","False","163.1"
"chan gli ag2","phase2/characters/models/asmodeus/chan_gli/chan_gli_ag2.vmdl","phase2","False","124.3"
"cheeta ag2","phase2/characters/models/upkk/cheeta/cheeta_ag2.vmdl","phase2","False","90.7"
"cheeta nohitbox ag2","phase2/characters/models/upkk/cheeta/cheeta_nohitbox_ag2.vmdl","phase2","False","90.7"
"cheshire ag2","phase2/characters/models/upkk/cheshire/cheshire_ag2.vmdl","phase2","False","277.4"
"cheshire nohitbox ag2","phase2/characters/models/upkk/cheshire/cheshire_nohitbox_ag2.vmdl","phase2","False","277.4"
"chieri ag2","phase2/characters/models/upkk/chieri/chieri_ag2.vmdl","phase2","False","71"
"chieri nohitbox ag2","phase2/characters/models/upkk/chieri/chieri_nohitbox_ag2.vmdl","phase2","False","71"
"chiffon ag2","phase2/characters/models/upkk/chiffon/chiffon_ag2.vmdl","phase2","False","174"
"chiffon nohitbox ag2","phase2/characters/models/upkk/chiffon/chiffon_nohitbox_ag2.vmdl","phase2","False","174"
"chillet ag2","phase2/characters/models/rss/chillet/chillet_ag2.vmdl","phase2","False","54.3"
"chisa ag2","phase2/characters/models/rss/chisa/chisa_ag2.vmdl","phase2","False","291.3"
"chiyuki ag2","phase2/characters/maoling/eternal_city/chiyuki/awake/chiyuki_ag2.vmdl","phase2","False","73.1"
"chiyuki ag2","phase2/characters/maoling/eternal_city/chiyuki/swimsuit/chiyuki_ag2.vmdl","phase2","False","140.5"
"choco ag2","phase2/characters/models/upkk/choco/choco_ag2.vmdl","phase2","False","127.3"
"choco nohitbox ag2","phase2/characters/models/upkk/choco/choco_nohitbox_ag2.vmdl","phase2","False","127.3"
"chocolate ag2","phase2/characters/models/upkk/chocolate/chocolate_ag2.vmdl","phase2","False","175"
"chocolate ag2 nohitbox","phase2/characters/models/upkk/chocolate/chocolate_ag2_nohitbox.vmdl","phase2","False","175"
"chocolate nohitbox ag2","phase2/characters/models/upkk/chocolate/chocolate_nohitbox_ag2.vmdl","phase2","False","179.4"
"chris walker ag2","phase2/characters/models/s2ze/chris_walker/chris_walker_ag2.vmdl","phase2","False","88.2"
"clukay ag2","phase2/characters/models/gugu/gfl2/clukay/clukay_ag2.vmdl","phase2","False","123.1"
"clukay car nohitbox ag2","phase2/characters/models/upkk/clukay_car/clukay_car_nohitbox_ag2.vmdl","phase2","False","129.5"
"clukay n nohitbox ag2","phase2/characters/models/upkk/clukay_n/clukay_n_nohitbox_ag2.vmdl","phase2","False","106.3"
"cm ag2","phase2/characters/models/upkk/cm/cm_ag2.vmdl","phase2","False","113"
"cm nohitbox ag2","phase2/characters/models/upkk/cm/cm_nohitbox_ag2.vmdl","phase2","False","113"
"colphne ag2","phase2/characters/models/upkk/colphne/colphne_ag2.vmdl","phase2","False","87.9"
"colphne nohitbox ag2","phase2/characters/models/upkk/colphne/colphne_nohitbox_ag2.vmdl","phase2","False","87.9"
"columbina ag2","phase2/characters/maoling/genshin_impact/columbina/normal/columbina_ag2.vmdl","phase2","False","83.8"
"cross haku ag2","phase2/characters/models/upkk/cross_haku/cross_haku_ag2.vmdl","phase2","False","197.9"
"cross haku nohitbox ag2","phase2/characters/models/upkk/cross_haku/cross_haku_nohitbox_ag2.vmdl","phase2","False","197.9"
"ctm sas ag2","phase2/characters/models/ctm_sas/ctm_sas_ag2.vmdl","phase2","False","66.2"
"curren chan ag2","phase2/characters/models/upkk/curren_chan/curren_chan_ag2.vmdl","phase2","False","57.6"
"curren chan nohitbox ag2","phase2/characters/models/upkk/curren_chan/curren_chan_nohitbox_ag2.vmdl","phase2","False","57.6"
"cyrene ag2","phase2/characters/maoling/star_rail/cyrene/normal/cyrene_ag2.vmdl","phase2","False","141.4"
"default arms ag2","phase2/characters/models/tm_phoenix/default_arms_ag2.vmdl","phase2","True","74.6"
"demogorgon ag2","phase2/characters/models/rss/demogorgon/demogorgon_ag2.vmdl","phase2","False","85.5"
"diving snake ag2","phase2/characters/models/flux/diving_snake/diving_snake_ag2.vmdl","phase2","False","128.7"
"dome railway ag2","phase2/characters/models/flux/dome_railway/dome_railway_ag2.vmdl","phase2","False","114.4"
"doro ag2","phase2/characters/models/upkk/doro/doro_ag2.vmdl","phase2","False","73.8"
"doro ag2 nohitbox","phase2/characters/models/upkk/doro/doro_ag2_nohitbox.vmdl","phase2","False","74.2"
"doro nohitbox ag2","phase2/characters/models/upkk/doro/doro_nohitbox_ag2.vmdl","phase2","False","74.2"
"dr k ag2","phase2/characters/models/rss/dr_k/dr_k_ag2.vmdl","phase2","False","148.3"
"draco ag2","phase2/characters/models/upkk/draco/draco_ag2.vmdl","phase2","False","98.7"
"draco nohitbox ag2","phase2/characters/models/upkk/draco/draco_nohitbox_ag2.vmdl","phase2","False","98.7"
"dusevnyj ag2","phase2/characters/models/gugu/gfl2/dusevnyj/dusevnyj_ag2.vmdl","phase2","False","122.9"
"ecchan ag2","phase2/characters/maoling/fate_go/x_alter/ecchan_ag2.vmdl","phase2","False","74.6"
"eku ag2","phase2/characters/models/upkk/eku/eku_ag2.vmdl","phase2","False","480.8"
"eku nothitbox ag2","phase2/characters/models/upkk/eku/eku_nothitbox_ag2.vmdl","phase2","False","480.8"
"elcia ag2","phase2/characters/models/ub/bot04/elcia/elcia_ag2.vmdl","phase2","False","131.3"
"elinyaa ag2","phase2/characters/models/upkk/elinyaa/elinyaa_ag2.vmdl","phase2","False","161.6"
"elinyaa nohitbox ag2","phase2/characters/models/upkk/elinyaa/elinyaa_nohitbox_ag2.vmdl","phase2","False","161.6"
"ellen joe ag2","phase2/characters/models/rss/ellen_joe/ellen_joe_ag2.vmdl","phase2","False","206.4"
"embrace ag2","phase2/characters/models/upkk/embrace_of_blood/embrace_ag2.vmdl","phase2","False","77.3"
"embrace nohitbox ag2","phase2/characters/models/upkk/embrace_of_blood/embrace_nohitbox_ag2.vmdl","phase2","False","77.3"
"encore ag2","phase2/characters/models/upkk/encore/encore_ag2.vmdl","phase2","False","85.4"
"encore nohitbox ag2","phase2/characters/models/upkk/encore/encore_nohitbox_ag2.vmdl","phase2","False","85.4"
"evelyn ag2","phase2/characters/models/rss/evelyn/evelyn_ag2.vmdl","phase2","False","123"
"exdracula ag2","phase2/characters/models/upkk/exdracula/exdracula_ag2.vmdl","phase2","False","127.2"
"exdracula nohitbox ag2","phase2/characters/models/upkk/exdracula/exdracula_nohitbox_ag2.vmdl","phase2","False","127.2"
"eyjafjalla ag2","phase2/characters/models/upkk/eyjafjalla/eyjafjalla_ag2.vmdl","phase2","False","171.8"
"eyjafjalla nohitbox ag2","phase2/characters/models/upkk/eyjafjalla/eyjafjalla_nohitbox_ag2.vmdl","phase2","False","171.8"
"firefly ag2","phase2/characters/models/asmodeus/firefly/firefly_ag2.vmdl","phase2","False","212"
"firefly ag2","phase2/characters/models/upkk/firefly/firefly_ag2.vmdl","phase2","False","129.4"
"firefly nohitbox ag2","phase2/characters/models/upkk/firefly/firefly_nohitbox_ag2.vmdl","phase2","False","129.4"
"flandre ag2","phase2/characters/models/upkk/flandre/flandre_ag2.vmdl","phase2","False","222.2"
"flandre nohitbox ag2","phase2/characters/models/upkk/flandre/flandre_nohitbox_ag2.vmdl","phase2","False","222.2"
"fufu magic ag2","phase2/characters/models/upkk/fufu_magic/fufu_magic_ag2.vmdl","phase2","False","110.6"
"fufu magic ag2 nohitbox","phase2/characters/models/upkk/fufu_magic/fufu_magic_ag2_nohitbox.vmdl","phase2","False","110.6"
"fufu mm21 ag2","phase2/characters/models/upkk/fufu_mm21/fufu_mm21_ag2.vmdl","phase2","False","99.8"
"fufu mm21 ag2 nohitbox","phase2/characters/models/upkk/fufu_mm21/fufu_mm21_ag2_nohitbox.vmdl","phase2","False","99.8"
"fufu sakura ag2","phase2/characters/models/upkk/fufu_sakura/fufu_sakura_ag2.vmdl","phase2","False","53.1"
"fufu sakura ag2 nohitbox","phase2/characters/models/upkk/fufu_sakura/fufu_sakura_ag2_nohitbox.vmdl","phase2","False","53.1"
"fufu v2 ag2","phase2/characters/models/upkk/fufu_v2/fufu_v2_ag2.vmdl","phase2","False","74.8"
"fufu v2 ag2 nohitbox","phase2/characters/models/upkk/fufu_v2/fufu_v2_ag2_nohitbox.vmdl","phase2","False","74.8"
"fuhua ag2","phase2/characters/maoling/honkai_impact/fuhua/crane/fuhua_ag2.vmdl","phase2","False","148.8"
"furina ag2","phase2/characters/flux/furina/furina_ag2.vmdl","phase2","False","113.6"
"furina ag2","phase2/characters/maoling/genshin_impact/furina/normal/furina_ag2.vmdl","phase2","False","113.8"
"furina ag2","phase2/characters/models/rss/furina/furina_ag2.vmdl","phase2","False","119.2"
"fuxuan ag2","phase2/characters/maoling/star_rail/fuxuan/normal/fuxuan_ag2.vmdl","phase2","False","74.6"
"garnet ag2","phase2/characters/models/asmodeus/garnet/garnet_ag2.vmdl","phase2","False","373.7"
"gaycat nohitbox ag2","phase2/characters/models/stone/gaycat/gaycat_nohitbox_ag2.vmdl","phase2","False","49.6"
"goldship ag2","phase2/characters/models/oylsister/uma_musume/gold_ship/goldship_ag2.vmdl","phase2","False","126.5"
"gran alegria ag2","phase2/characters/models/upkk/gran_alegria/gran_alegria_ag2.vmdl","phase2","False","65.9"
"gran alegria nohitbox ag2","phase2/characters/models/upkk/gran_alegria/gran_alegria_nohitbox_ag2.vmdl","phase2","False","65.9"
"griseo ag2","phase2/characters/maoling/honkai_impact/griseo/summer_painting/griseo_ag2.vmdl","phase2","False","82"
"griseo ag2","phase2/characters/models/upkk/griseo/griseo_ag2.vmdl","phase2","False","144.9"
"griseo nohitbox ag2","phase2/characters/models/upkk/griseo/griseo_nohitbox_ag2.vmdl","phase2","False","144.9"
"haipa ag2","phase2/characters/maoling/misc/haipa/haipa_ag2.vmdl","phase2","False","81.5"
"haku ag2","phase2/characters/models/upkk/etoile_haku/haku_ag2.vmdl","phase2","False","120.8"
"haku ag2","phase2/characters/models/upkk/haku_rabbit_cloth/haku_ag2.vmdl","phase2","False","117.3"
"haku ag2","phase2/characters/models/upkk/red_kimono_haku/haku_ag2.vmdl","phase2","False","261.9"
"haku nohitbox ag2","phase2/characters/models/upkk/etoile_haku/haku_nohitbox_ag2.vmdl","phase2","False","120.8"
"haku nohitbox ag2","phase2/characters/models/upkk/haku_rabbit_cloth/haku_nohitbox_ag2.vmdl","phase2","False","117.3"
"haku nohitbox ag2","phase2/characters/models/upkk/red_kimono_haku/haku_nohitbox_ag2.vmdl","phase2","False","261.9"
"haku wedding dress ag2","phase2/characters/models/upkk/haku_wedding_dress/haku_wedding_dress_ag2.vmdl","phase2","False","133.8"
"haku wedding dress nohitbox ag2","phase2/characters/models/upkk/haku_wedding_dress/haku_wedding_dress_nohitbox_ag2.vmdl","phase2","False","133.8"
"hakurei reimu ag2","phase2/characters/models/upkk/hakurei_reimu/hakurei_reimu_ag2.vmdl","phase2","False","125.8"
"hakurei reimu nohitbox ag2","phase2/characters/models/upkk/hakurei_reimu/hakurei_reimu_nohitbox_ag2.vmdl","phase2","False","125.8"
"han laffey ag2","phase2/characters/models/han_laffey/han_laffey_ag2.vmdl","phase2","False","106.8"
"han laffey ag2","phase2/characters/models/upkk/han_laffey/han_laffey_ag2.vmdl","phase2","False","106.5"
"han laffey nohitbox ag2","phase2/characters/models/han_laffey/han_laffey_nohitbox_ag2.vmdl","phase2","False","106.8"
"han laffey nohitbox ag2","phase2/characters/models/upkk/han_laffey/han_laffey_nohitbox_ag2.vmdl","phase2","False","106.5"
"helia ag2","phase2/characters/maoling/honkai_impact/helia/boltstorm/helia_ag2.vmdl","phase2","False","74.6"
"hikari ag2","phase2/characters/models/oylsister/blue_archive/hikari/hikari_ag2.vmdl","phase2","False","89.2"
"hikari2 ag2","phase2/characters/models/oylsister/blue_archive/hikari/hikari2_ag2.vmdl","phase2","False","89.2"
"hk416 ag2","phase2/characters/maoling/girls_frontline/hk416/starry_cocoon/hk416_ag2.vmdl","phase2","False","205.5"
"hk416 wedding ag2","phase2/characters/models/upkk/416_wedding/hk416_wedding_ag2.vmdl","phase2","False","145.6"
"hk416 wedding nohitbox ag2","phase2/characters/models/upkk/416_wedding/hk416_wedding_nohitbox_ag2.vmdl","phase2","False","145.6"
"hoshino ag2","phase2/characters/models/rss/hoshino/hoshino_ag2.vmdl","phase2","False","375.6"
"hoshino ag2","phase2/characters/models/upkk/hoshino_origin/hoshino_ag2.vmdl","phase2","False","105.9"
"hoshino ag2","phase2/characters/models/upkk/hoshino_swimsuit/hoshino_ag2.vmdl","phase2","False","106.4"
"hoshino nohitbox ag2","phase2/characters/models/upkk/hoshino_origin/hoshino_nohitbox_ag2.vmdl","phase2","False","105.9"
"hoshino nohitbox ag2","phase2/characters/models/upkk/hoshino_swimsuit/hoshino_nohitbox_ag2.vmdl","phase2","False","106.4"
"hoshino swimsuit ag2","phase2/characters/models/upkk/hoshino_swimsuit/hoshino_swimsuit_ag2.vmdl","phase2","False","106.4"
"hoshino swimsuit nohitbox ag2","phase2/characters/models/upkk/hoshino_swimsuit/hoshino_swimsuit_nohitbox_ag2.vmdl","phase2","False","106.4"
"hslf ag2","phase2/characters/models/upkk/hslf_upkk/hslf_ag2.vmdl","phase2","False","110.7"
"hslf nohitbox ag2","phase2/characters/models/upkk/hslf_upkk/hslf_nohitbox_ag2.vmdl","phase2","False","110.7"
"huahuo ag2","phase2/characters/models/huahuo/huahuo_ag2.vmdl","phase2","False","154.6"
"huahuo nohitbox ag2","phase2/characters/models/huahuo/huahuo_nohitbox_ag2.vmdl","phase2","False","154.6"
"hunk ag2","phase2/characters/models/rss/hunk/hunk_ag2.vmdl","phase2","False","158.1"
"huohua ag2","phase2/characters/flux/huohua/huohua_ag2.vmdl","phase2","False","99.2"
"hutao ag2","phase2/characters/models/hutao/hutao_ag2.vmdl","phase2","False","86.3"
"ill china ag2","phase2/characters/models/upkk/ill_china_dress/ill_china_ag2.vmdl","phase2","False","117.8"
"ill china nohitbox ag2","phase2/characters/models/upkk/ill_china_dress/ill_china_nohitbox_ag2.vmdl","phase2","False","117.8"
"ill prom ag2","phase2/characters/models/upkk/illustrious_prom_dress/ill_prom_ag2.vmdl","phase2","False","119.2"
"ill prom nohitbox ag2","phase2/characters/models/upkk/illustrious_prom_dress/ill_prom_nohitbox_ag2.vmdl","phase2","False","119.2"
"illustrious ag2","phase2/characters/models/upkk/illustrious_wedding_dress/illustrious_ag2.vmdl","phase2","False","154.6"
"illustrious ag2","phase2/characters/models/upkk/tea_dress_illustrious/illustrious_ag2.vmdl","phase2","False","104.9"
"illustrious nohitbox ag2","phase2/characters/models/upkk/illustrious_wedding_dress/illustrious_nohitbox_ag2.vmdl","phase2","False","154.6"
"illustrious nohitbox ag2","phase2/characters/models/upkk/tea_dress_illustrious/illustrious_nohitbox_ag2.vmdl","phase2","False","104.9"
"illustrious study ag2","phase2/characters/models/upkk/illustrious_study/illustrious_study_ag2.vmdl","phase2","False","71.9"
"illustrious study nohitbox ag2","phase2/characters/models/upkk/illustrious_study/illustrious_study_nohitbox_ag2.vmdl","phase2","False","71.9"
"implacable ag2","phase2/characters/models/upkk/implacable/implacable_ag2.vmdl","phase2","False","553.9"
"implacable nohitbox ag2","phase2/characters/models/upkk/implacable/implacable_nohitbox_ag2.vmdl","phase2","False","553.9"
"iochi mari ag2","phase2/characters/models/upkk/iochi_mari/iochi_mari_ag2.vmdl","phase2","False","69.3"
"iochi mari nohitbox ag2","phase2/characters/models/upkk/iochi_mari/iochi_mari_nohitbox_ag2.vmdl","phase2","False","69.3"
"ispink ag2","phase2/characters/models/upkk/ispink/ispink_ag2.vmdl","phase2","False","175.8"
"ispink nohitbox ag2","phase2/characters/models/upkk/ispink/ispink_nohitbox_ag2.vmdl","phase2","False","175.8"
"iuno ag2","phase2/characters/maoling/wuthering_waves/iuno/normal/iuno_ag2.vmdl","phase2","False","147.3"
"iuno ag2","phase2/characters/models/rss/iuno/iuno_ag2.vmdl","phase2","False","148.1"
"jane doe ag2","phase2/characters/models/rss/jane_doe/jane_doe_ag2.vmdl","phase2","False","125.5"
"jinshi ag2","phase2/characters/maoling/wuthering_waves/jinshi/normal/jinshi_ag2.vmdl","phase2","False","74.6"
"jiuwei ag2","phase2/characters/models/upkk/jiuwei/jiuwei_ag2.vmdl","phase2","False","178.8"
"jiuwei nohitbox ag2","phase2/characters/models/upkk/jiuwei/jiuwei_nohitbox_ag2.vmdl","phase2","False","178.8"
"jp prs ag2","phase2/characters/models/upkk/japanese_princess/jp_prs_ag2.vmdl","phase2","False","336.5"
"jp prs nohitbox ag2","phase2/characters/models/upkk/japanese_princess/jp_prs_nohitbox_ag2.vmdl","phase2","False","336.5"
"jufufu ag2","phase2/characters/models/rss/jufufu/jufufu_ag2.vmdl","phase2","False","129.1"
"kaine 2b ag2","phase2/characters/models/oylsister/nierreplicant/kaine_2b/kaine_2b_ag2.vmdl","phase2","False","118.1"
"kaine2b ag2","phase2/characters/models/oylsister/nierreplicant/kaine_2b/kaine2b_ag2.vmdl","phase2","False","117.6"
"kanami ag2","phase2/characters/maoling/strinova/kanami/swimsuit/kanami_ag2.vmdl","phase2","False","78.7"
"kanami ag2","phase2/characters/models/upkk/kanami/kanami_ag2.vmdl","phase2","False","125.9"
"kanami nohitbox ag2","phase2/characters/models/upkk/kanami/kanami_nohitbox_ag2.vmdl","phase2","False","125.9"
"kanna ag2","phase2/characters/maoling/misc/kanna_kamui/kanna_ag2.vmdl","phase2","False","123.1"
"karenina ag2","phase2/characters/maoling/gray_raven/karenina/burst_neon/karenina_ag2.vmdl","phase2","False","74.6"
"karenina ag2","phase2/characters/maoling/gray_raven/karenina/ember/karenina_ag2.vmdl","phase2","False","155.6"
"karin ag2","phase2/characters/models/upkk/karin/karin_ag2.vmdl","phase2","False","120.9"
"karin nohitbox ag2","phase2/characters/models/upkk/karin/karin_nohitbox_ag2.vmdl","phase2","False","120.9"
"keli ag2","phase2/characters/models/upkk/keli/keli_ag2.vmdl","phase2","False","80.7"
"keli nohitbox ag2","phase2/characters/models/upkk/keli/keli_nohitbox_ag2.vmdl","phase2","False","80.7"
"keqing ag2","phase2/characters/flux/keqing/keqing_ag2.vmdl","phase2","False","70.5"
"keqing ag2","phase2/characters/maoling/genshin_impact/keqing/butterfly/keqing_ag2.vmdl","phase2","False","89.3"
"keqing ag2","phase2/characters/maoling/genshin_impact/keqing/normal/keqing_ag2.vmdl","phase2","False","70.6"
"kiana ag2","phase2/characters/maoling/honkai_impact/kiana/flame/kiana_ag2.vmdl","phase2","False","81.3"
"kiana ag2","phase2/characters/maoling/honkai_impact/kiana/selenic_ripples/kiana_ag2.vmdl","phase2","False","74.6"
"kiana ag2","phase2/characters/maoling/honkai_impact/kiana/twins/kiana_ag2.vmdl","phase2","False","107.9"
"kiana ag2","phase2/characters/models/upkk/kiana/kiana_ag2.vmdl","phase2","False","71.3"
"kiana nohitbox ag2","phase2/characters/models/upkk/kiana/kiana_nohitbox_ag2.vmdl","phase2","False","71.3"
"kimgar ag2","phase2/characters/models/upkk/kimgar/kimgar_ag2.vmdl","phase2","False","127.2"
"kimgar nohitbox ag2","phase2/characters/models/upkk/kimgar/kimgar_nohitbox_ag2.vmdl","phase2","False","127.2"
"kira ag2","phase2/characters/maoling/honkai_impact/shigure_kira/normal/kira_ag2.vmdl","phase2","False","87"
"kirara ag2","phase2/characters/maoling/genshin_impact/kirara/normal/kirara_ag2.vmdl","phase2","False","105.9"
"kirito ag2","phase2/characters/models/upkk/kiroto/kirito_ag2.vmdl","phase2","False","167.9"
"kirito nohitbox ag2","phase2/characters/models/upkk/kiroto/kirito_nohitbox_ag2.vmdl","phase2","False","167.9"
"kizuna ag2","phase2/characters/models/upkk/kizuna_ai/kizuna_ag2.vmdl","phase2","False","269.5"
"kizuna ai ag2","phase2/characters/models/upkk/kizuna_ai/kizuna_ai_ag2.vmdl","phase2","False","269.5"
"kizuna ai nohitbox ag2","phase2/characters/models/upkk/kizuna_ai/kizuna_ai_nohitbox_ag2.vmdl","phase2","False","269.5"
"kizuna nohitbox ag2","phase2/characters/models/upkk/kizuna_ai/kizuna_nohitbox_ag2.vmdl","phase2","False","269.5"
"klukai swimsuit ag2","phase2/characters/models/asmodeus/klukai_swimsuit/klukai_swimsuit_ag2.vmdl","phase2","False","199.9"
"kokomi ag2","phase2/characters/models/kokomi/kokomi_ag2.vmdl","phase2","False","123.4"
"konuri maki ag2","phase2/characters/maoling/blue_archive/konuri_maki/konuri_maki_ag2.vmdl","phase2","False","112.1"
"koritsu ag2","phase2/characters/models/upkk/koritsu/koritsu_ag2.vmdl","phase2","False","112.3"
"koritsu nohitbox ag2","phase2/characters/models/upkk/koritsu/koritsu_nohitbox_ag2.vmdl","phase2","False","112.3"
"kotori ag2","phase2/characters/maoling/date_a_live/kotori/spirit/kotori_ag2.vmdl","phase2","False","129.9"
"kotori ag2","phase2/characters/models/upkk/kotori_lace_dress/kotori_ag2.vmdl","phase2","False","145.1"
"kotori ag2","phase2/characters/models/upkk/kotori/kotori_ag2.vmdl","phase2","False","112.1"
"kotori nohitbox ag2","phase2/characters/models/upkk/kotori_lace_dress/kotori_nohitbox_ag2.vmdl","phase2","False","145.1"
"kotori nohitbox ag2","phase2/characters/models/upkk/kotori/kotori_nohitbox_ag2.vmdl","phase2","False","112.1"
"koyori ag2","phase2/characters/models/upkk/koyori/koyori_ag2.vmdl","phase2","False","175.7"
"koyori nohitbox ag2","phase2/characters/models/upkk/koyori/koyori_nohitbox_ag2.vmdl","phase2","False","175.7"
"krul ag2","phase2/characters/models/upkk/krul_tepes/krul_ag2.vmdl","phase2","False","93.6"
"krul nohitbox ag2","phase2/characters/models/upkk/krul_tepes/krul_nohitbox_ag2.vmdl","phase2","False","93.6"
"kurumi ag2","phase2/characters/models/upkk/kurumi/kurumi_ag2.vmdl","phase2","False","76.3"
"kurumi nohitbox ag2","phase2/characters/models/upkk/kurumi/kurumi_nohitbox_ag2.vmdl","phase2","False","76.3"
"kyoka ag2","phase2/characters/maoling/misc/kyoka/kyoka_ag2.vmdl","phase2","False","132.9"
"lamy ag2","phase2/characters/models/upkk/lamy/lamy_ag2.vmdl","phase2","False","139.3"
"lamy nohitbox ag2","phase2/characters/models/upkk/lamy/lamy_nohitbox_ag2.vmdl","phase2","False","139.3"
"lazuli ag2","phase2/characters/models/upkk/lazuli_ag2.vmdl","phase2","False","341"
"lazuli ag2","phase2/characters/models/upkk/lazuli/lazuli_ag2.vmdl","phase2","False","341"
"leon ag2","phase2/characters/maoling/re2/leon/leon_ag2.vmdl","phase2","False","216.4"
"lexington ag2","phase2/characters/models/upkk/lexington/lexington_ag2.vmdl","phase2","False","193.6"
"lexington nohitbox ag2","phase2/characters/models/upkk/lexington/lexington_nohitbox_ag2.vmdl","phase2","False","193.6"
"lh haku ag2","phase2/characters/models/upkk/lh_haku/lh_haku_ag2.vmdl","phase2","False","288.7"
"lh haku nohitbox ag2","phase2/characters/models/upkk/lh_haku/lh_haku_nohitbox_ag2.vmdl","phase2","False","288.7"
"lightning return ag2","phase2/characters/models/oylsister/final_fantasy/lightning_return/lightning_return_ag2.vmdl","phase2","False","445.4"
"ling ag2","phase2/characters/models/upkk/ling/ling_ag2.vmdl","phase2","False","135.9"
"ling nohitbox ag2","phase2/characters/models/upkk/ling/ling_nohitbox_ag2.vmdl","phase2","False","135.9"
"lingmeng ag2","phase2/characters/models/upkk/lingmeng/lingmeng_ag2.vmdl","phase2","False","177.2"
"lingmeng nohitbox ag2","phase2/characters/models/upkk/lingmeng/lingmeng_nohitbox_ag2.vmdl","phase2","False","177.2"
"liuying ag2","phase2/characters/flux/liuying/liuying_ag2.vmdl","phase2","False","156.8"
"liv ag2","phase2/characters/maoling/gray_raven/liv/empyrea/liv_ag2.vmdl","phase2","False","75.7"
"longniang ag2","phase2/characters/flux/long_niang/longniang_ag2.vmdl","phase2","False","171.6"
"longniang ag2","phase2/characters/maoling/honkai_impact/creation/long_niang/longniang_ag2.vmdl","phase2","False","171.8"
"loona ag2","phase2/characters/models/rss/loona/loona_ag2.vmdl","phase2","False","680.9"
"lty ag2","phase2/characters/models/upkk/kslty/lty_ag2.vmdl","phase2","False","353.5"
"lty ag2","phase2/characters/models/upkk/lty_china_dress/lty_ag2.vmdl","phase2","False","269.9"
"lty ag2 nohitbox","phase2/characters/models/upkk/lty_china_dress/lty_ag2_nohitbox.vmdl","phase2","False","269.9"
"lty nohitbox ag2","phase2/characters/models/upkk/kslty/lty_nohitbox_ag2.vmdl","phase2","False","353.5"
"lty nohitbox ag2","phase2/characters/models/upkk/lty_china_dress/lty_nohitbox_ag2.vmdl","phase2","False","269.9"
"lucario ag2","phase2/characters/models/rss/lucario/lucario_ag2.vmdl","phase2","False","93.3"
"lucia ag2","phase2/characters/maoling/gray_raven/lucia/plume/lucia_ag2.vmdl","phase2","False","77.4"
"luka ag2","phase2/characters/maoling/vocaloid/luka/baka/luka_ag2.vmdl","phase2","False","118.3"
"luka ag2","phase2/characters/models/upkk/luka_red_dress/luka_ag2.vmdl","phase2","False","83.3"
"luka nohitbox ag2","phase2/characters/models/upkk/luka_red_dress/luka_nohitbox_ag2.vmdl","phase2","False","83.3"
"lunalitt ag2","phase2/characters/models/lunalitt/lunalitt_ag2.vmdl","phase2","False","137.3"
"lupa ag2","phase2/characters/models/rss/lupa/lupa_ag2.vmdl","phase2","False","166.5"
"lynae ag2","phase2/characters/models/asmodeus/lynae/lynae_ag2.vmdl","phase2","False","201.2"
"lynn ag2","phase2/characters/models/asmodeus/lynn/lynn_ag2.vmdl","phase2","False","191.1"
"macqiato ag2","phase2/characters/models/gugu/gfl2/macqiato/macqiato_ag2.vmdl","phase2","False","95.6"
"magic f ag2","phase2/characters/maoling/misc/snowy/magic_f/magic_f_ag2.vmdl","phase2","False","70.6"
"maid maya ag2","phase2/characters/models/upkk/maid_maya/maid_maya_ag2.vmdl","phase2","False","161.8"
"maid maya nohitbox ag2","phase2/characters/models/upkk/maid_maya/maid_maya_nohitbox_ag2.vmdl","phase2","False","161.8"
"maki ag2","phase2/characters/models/upkk/maki/maki_ag2.vmdl","phase2","False","184.8"
"maki nohitbox ag2","phase2/characters/models/upkk/maki/maki_nohitbox_ag2.vmdl","phase2","False","184.8"
"mana ag2","phase2/characters/models/upkk/mana/mana_ag2.vmdl","phase2","False","101.1"
"mana nohitbox ag2","phase2/characters/models/upkk/mana/mana_nohitbox_ag2.vmdl","phase2","False","101.1"
"manuka ag2","phase2/characters/models/upkk/manuka/manuka_ag2.vmdl","phase2","False","157.2"
"manuka fubuki ag2","phase2/characters/models/upkk/manuka_fubuki/manuka_fubuki_ag2.vmdl","phase2","False","2246.1"
"manuka fubuki ag2 nohitbox","phase2/characters/models/upkk/manuka_fubuki/manuka_fubuki_ag2_nohitbox.vmdl","phase2","False","2246.1"
"manuka fubuki nohitbox ag2","phase2/characters/models/upkk/manuka_fubuki/manuka_fubuki_nohitbox_ag2.vmdl","phase2","False","2246.5"
"manuka nohitbox ag2","phase2/characters/models/upkk/manuka/manuka_nohitbox_ag2.vmdl","phase2","False","157.2"
"mari ag2","phase2/characters/models/upkk/iochi_mari/mari_ag2.vmdl","phase2","False","69.3"
"mari nohitbox ag2","phase2/characters/models/upkk/iochi_mari/mari_nohitbox_ag2.vmdl","phase2","False","69.3"
"mari v1 ag2","phase2/characters/models/upkk/mari_v1/mari_v1_ag2.vmdl","phase2","False","85.5"
"mari v1 nohitbox ag2","phase2/characters/models/upkk/mari_v1/mari_v1_nohitbox_ag2.vmdl","phase2","False","85.5"
"mary ag2","phase2/characters/models/mary/mary_ag2.vmdl","phase2","False","295.5"
"master chief ag2","phase2/characters/models/s2ze/master_chief/master_chief_ag2.vmdl","phase2","False","94"
"master chief nohitbox ag2","phase2/characters/models/s2ze/master_chief/master_chief_nohitbox_ag2.vmdl","phase2","False","94"
"matika ag2","phase2/characters/models/oylsister/uma_musume/matika/matika_ag2.vmdl","phase2","False","63.1"
"matika2 ag2","phase2/characters/models/oylsister/uma_musume/matika/matika2_ag2.vmdl","phase2","False","63.1"
"matikanetannhauser ag2","phase2/characters/maoling/pretty_derby/matikanetannhauser/matikanetannhauser_ag2.vmdl","phase2","False","74.6"
"mavuika2 ag2","phase2/characters/models/oylsister/genshin/mavuika/mavuika2_ag2.vmdl","phase2","False","134.6"
"maya ag2","phase2/characters/models/upkk/maya/maya_ag2.vmdl","phase2","False","127.3"
"maya nohitbox ag2","phase2/characters/models/upkk/maya/maya_nohitbox_ag2.vmdl","phase2","False","127.3"
"mczm ag2","phase2/characters/models/rss/mczm/mczm_ag2.vmdl","phase2","False","53.3"
"mea ag2","phase2/characters/models/upkk/mea/mea_ag2.vmdl","phase2","False","110.6"
"mea nohitbox ag2","phase2/characters/models/upkk/mea/mea_nohitbox_ag2.vmdl","phase2","False","110.6"
"merlin ag2","phase2/characters/maoling/fate_go/merlin/female/merlin_ag2.vmdl","phase2","False","113.8"
"michele ag2","phase2/characters/models/upkk/michele/michele_ag2.vmdl","phase2","False","96.3"
"michele nohitbox ag2","phase2/characters/models/upkk/michele/michele_nohitbox_ag2.vmdl","phase2","False","96.3"
"mika ag2","phase2/characters/models/flux/nuclearsilo_mika/mika_ag2.vmdl","phase2","False","105.1"
"mika ag2","phase2/characters/models/rss/mika/mika_ag2.vmdl","phase2","False","261.6"
"mika ag2","phase2/characters/models/upkk/mika/mika_ag2.vmdl","phase2","False","90.6"
"mika nohitbox ag2","phase2/characters/models/upkk/mika/mika_nohitbox_ag2.vmdl","phase2","False","90.6"
"miku ag2","phase2/characters/maoling/vocaloid/hatsune_miku/racing_2015/miku_ag2.vmdl","phase2","False","174"
"miku ag2","phase2/characters/models/upkk/miku_red_kimono/miku_ag2.vmdl","phase2","False","143.8"
"miku nohitbox ag2","phase2/characters/models/upkk/miku_red_kimono/miku_nohitbox_ag2.vmdl","phase2","False","143.8"
"minatoaqua ag2","phase2/characters/models/minatoaqua/minatoaqua_ag2.vmdl","phase2","False","100.6"
"minatoaqua nohitbox ag2","phase2/characters/models/minatoaqua/minatoaqua_nohitbox_ag2.vmdl","phase2","False","100.6"
"miyabi ag2","phase2/characters/maoling/zenless_zone_zero/hoshimi_miyabi/normal/miyabi_ag2.vmdl","phase2","False","153.8"
"miyazaki ag2","phase2/characters/models/upkk/winter_miyazaki/miyazaki_ag2.vmdl","phase2","False","73.3"
"miyazaki nohitbox ag2","phase2/characters/models/upkk/winter_miyazaki/miyazaki_nohitbox_ag2.vmdl","phase2","False","73.3"
"miyu ag2","phase2/characters/models/upkk/miyu/miyu_ag2.vmdl","phase2","False","62.5"
"miyu ag2","phase2/characters/models/upkk/vrc_miyu/miyu_ag2.vmdl","phase2","False","287"
"miyu nohitbox ag2","phase2/characters/models/upkk/miyu/miyu_nohitbox_ag2.vmdl","phase2","False","62.5"
"miyu nohitbox ag2","phase2/characters/models/upkk/vrc_miyu/miyu_nohitbox_ag2.vmdl","phase2","False","287"
"moe ag2","phase2/characters/models/upkk/moe/moe_ag2.vmdl","phase2","False","157.3"
"moe nohitbox ag2","phase2/characters/models/upkk/moe/moe_nohitbox_ag2.vmdl","phase2","False","157.3"
"mornye ag2","phase2/characters/models/asmodeus/mornye/mornye_ag2.vmdl","phase2","False","191.4"
"murasame ag2","phase2/characters/models/upkk/congyu/murasame_ag2.vmdl","phase2","False","119.4"
"murasame nohitbox ag2","phase2/characters/models/upkk/congyu/murasame_nohitbox_ag2.vmdl","phase2","False","119.4"
"nakano ag2","phase2/characters/models/upkk/nakano_miku/nakano_ag2.vmdl","phase2","False","188.1"
"nakano nohitbox ag2","phase2/characters/models/upkk/nakano_miku/nakano_nohitbox_ag2.vmdl","phase2","False","188.1"
"nanachi ag2","phase2/characters/models/rss/nanachi/nanachi_ag2.vmdl","phase2","False","130.4"
"neeko ag2","phase2/characters/models/upkk/neeko/neeko_ag2.vmdl","phase2","False","158.2"
"neeko nohitbox ag2","phase2/characters/models/upkk/neeko/neeko_nohitbox_ag2.vmdl","phase2","False","158.2"
"neil ag2","phase2/characters/models/upkk/neil/neil_ag2.vmdl","phase2","False","205.7"
"neil nohitbox ag2","phase2/characters/models/upkk/neil/neil_nohitbox_ag2.vmdl","phase2","False","205.7"
"nekomimi ag2","phase2/characters/models/upkk/byd_cat/nekomimi/nekomimi_ag2.vmdl","phase2","False","404.4"
"nekomimi nohitbox ag2","phase2/characters/models/upkk/byd_cat/nekomimi/nekomimi_nohitbox_ag2.vmdl","phase2","False","404.4"
"nian ag2","phase2/characters/models/upkk/nian/nian_ag2.vmdl","phase2","False","239.8"
"nian nohitbox ag2","phase2/characters/models/upkk/nian/nian_nohitbox_ag2.vmdl","phase2","False","239.8"
"niko ag2","phase2/characters/models/rss/niko/niko_ag2.vmdl","phase2","False","70.4"
"nilou ag2","phase2/characters/maoling/genshin_impact/nilou/normal/nilou_ag2.vmdl","phase2","False","82.5"
"nohitbox ag2","phase2/characters/models/upkk/eyjafjalla/nohitbox_ag2.vmdl","phase2","False","173.7"
"nohitbox ag2","phase2/characters/models/upkk/hakurei_reimu/nohitbox_ag2.vmdl","phase2","False","125.8"
"nozomi ag2","phase2/characters/models/oylsister/blue_archive/nozomi/nozomi_ag2.vmdl","phase2","False","89.2"
"nozomi2 ag2","phase2/characters/models/oylsister/blue_archive/nozomi/nozomi2_ag2.vmdl","phase2","False","89.2"
"nyao mao ag2","phase2/characters/models/upkk/nyao_mao/nyao_mao_ag2.vmdl","phase2","False","280.6"
"nyao mao nohitbox ag2","phase2/characters/models/upkk/nyao_mao/nyao_mao_nohitbox_ag2.vmdl","phase2","False","280.6"
"origami ag2","phase2/characters/models/upkk/origami/origami_ag2.vmdl","phase2","False","133.1"
"origami nohitbox ag2","phase2/characters/models/upkk/origami/origami_nohitbox_ag2.vmdl","phase2","False","133.1"
"origami v2 ag2","phase2/characters/models/upkk/origami_v2/origami_v2_ag2.vmdl","phase2","False","321.2"
"origami v2 ag2","phase2/characters/models/upkk/origami/origami_v2_ag2.vmdl","phase2","False","354.1"
"origami v2 nohitbox ag2","phase2/characters/models/upkk/origami_v2/origami_v2_nohitbox_ag2.vmdl","phase2","False","321.2"
"orphie ag2","phase2/characters/models/rss/orphie/orphie_ag2.vmdl","phase2","False","127.5"
"osiris ag2","phase2/characters/maoling/aether_gazer/osiris/dragon/osiris_ag2.vmdl","phase2","False","82.7"
"osiris ag2","phase2/characters/maoling/aether_gazer/osiris/living_soul/osiris_ag2.vmdl","phase2","False","89"
"perlica ag2","phase2/characters/models/asmodeus/perlica/perlica_ag2.vmdl","phase2","False","345.2"
"phrolova ag2","phase2/characters/models/asmodeus/phrolova/phrolova_ag2.vmdl","phase2","False","220.9"
"pompom ag2","phase2/characters/models/rss/pompom/pompom_ag2.vmdl","phase2","False","60.4"
"pontifex ag2","phase2/characters/models/upkk/pontifex/pontifex_ag2.vmdl","phase2","False","257"
"pontifex nohitbox ag2","phase2/characters/models/upkk/pontifex/pontifex_nohitbox_ag2.vmdl","phase2","False","257"
"pulchra ag2","phase2/characters/models/rss/pulchra/pulchra_ag2.vmdl","phase2","False","129.3"
"rabbit ag2","phase2/characters/models/upkk/byd_cat/rabbit/rabbit_ag2.vmdl","phase2","False","282.3"
"rabbit nohitbox ag2","phase2/characters/models/upkk/byd_cat/rabbit/rabbit_nohitbox_ag2.vmdl","phase2","False","282.3"
"rami ag2","phase2/characters/models/upkk/rami/rami_ag2.vmdl","phase2","False","66.2"
"rami nohitbox ag2","phase2/characters/models/upkk/rami/rami_nohitbox_ag2.vmdl","phase2","False","66.2"
"reimu ag2","phase2/characters/models/upkk/reimu_china_dress/reimu_ag2.vmdl","phase2","False","79"
"reimu nohitbox ag2","phase2/characters/models/upkk/reimu_china_dress/reimu_nohitbox_ag2.vmdl","phase2","False","79"
"remilia wedding dress ag2","phase2/characters/models/upkk/remilia_wedding_dress/remilia_wedding_dress_ag2.vmdl","phase2","False","71.4"
"remilia wedding dress nohitbox ag2","phase2/characters/models/upkk/remilia_wedding_dress/remilia_wedding_dress_nohitbox_ag2.vmdl","phase2","False","71.4"
"rin ag2","phase2/characters/models/upkk/kagamine_rin/rin_ag2.vmdl","phase2","False","188.7"
"rin nohitbox ag2","phase2/characters/models/upkk/kagamine_rin/rin_nohitbox_ag2.vmdl","phase2","False","188.7"
"rindo ag2","phase2/characters/models/upkk/rindo/rindo_ag2.vmdl","phase2","False","121.4"
"rindo nohitbox ag2","phase2/characters/models/upkk/rindo/rindo_nohitbox_ag2.vmdl","phase2","False","121.4"
"robin ag2","phase2/characters/maoling/star_rail/robin/normal/robin_ag2.vmdl","phase2","False","74.6"
"roleaction ag2","phase2/characters/models/upkk/roleaction/roleaction_ag2.vmdl","phase2","False","132"
"roleaction nohitbox ag2","phase2/characters/models/upkk/roleaction/roleaction_nohitbox_ag2.vmdl","phase2","False","132"
"rosalia ag2","phase2/characters/models/upkk/rosalia/rosalia_ag2.vmdl","phase2","False","87.3"
"rosalia nohitbox ag2","phase2/characters/models/upkk/rosalia/rosalia_nohitbox_ag2.vmdl","phase2","False","87.3"
"roslyn ag2","phase2/characters/maoling/tower_of_fantasy/roslyn/gen2/roslyn_ag2.vmdl","phase2","False","74.6"
"saber ag2","phase2/characters/models/upkk/saber_kuse/saber_ag2.vmdl","phase2","False","146"
"saber ag2","phase2/characters/models/upkk/saber_wedding_dress/saber_ag2.vmdl","phase2","False","133.3"
"saber nohitbox ag2","phase2/characters/models/upkk/saber_kuse/saber_nohitbox_ag2.vmdl","phase2","False","146"
"saber nohitbox ag2","phase2/characters/models/upkk/saber_wedding_dress/saber_nohitbox_ag2.vmdl","phase2","False","133.3"
"sagiri ag2","phase2/characters/models/upkk/sagiri/sagiri_ag2.vmdl","phase2","False","89.2"
"sagiri nohitbox ag2","phase2/characters/models/upkk/sagiri/sagiri_nohitbox_ag2.vmdl","phase2","False","89.2"
"sakura ag2","phase2/characters/maoling/honkai_impact/yae_sakura/cyberpunk/sakura_ag2.vmdl","phase2","False","80.1"
"sakura ag2","phase2/characters/models/upkk/sakura_dreams/sakura_ag2.vmdl","phase2","False","115.5"
"sakura nohitbox ag2","phase2/characters/models/upkk/sakura_dreams/sakura_nohitbox_ag2.vmdl","phase2","False","115.5"
"sapphy ag2","phase2/characters/models/upkk/sapphy/sapphy_ag2.vmdl","phase2","False","173"
"sapphy nohitbox ag2","phase2/characters/models/upkk/sapphy/sapphy_nohitbox_ag2.vmdl","phase2","False","173"
"sasha ag2","phase2/characters/models/upkk/sasha/sasha_ag2.vmdl","phase2","False","161.1"
"sasha nohitbox ag2","phase2/characters/models/upkk/sasha/sasha_nohitbox_ag2.vmdl","phase2","False","161.1"
"seele ag2","phase2/characters/maoling/honkai_impact/seele/starchasm_v2/seele_ag2.vmdl","phase2","False","204.2"
"selestia ag2","phase2/characters/models/upkk/selestia/selestia_ag2.vmdl","phase2","False","201.9"
"selestia nohitbox ag2","phase2/characters/models/upkk/selestia/selestia_nohitbox_ag2.vmdl","phase2","False","201.9"
"shakrey ag2","phase2/characters/models/upkk/shakrey/shakrey_ag2.vmdl","phase2","False","94.5"
"shakrey nohitbox ag2","phase2/characters/models/upkk/shakrey/shakrey_nohitbox_ag2.vmdl","phase2","False","94.5"
"sherry ag2","phase2/characters/flux/tachibana_sherii/sherry_ag2.vmdl","phase2","False","103.4"
"shiroko ag2","phase2/characters/models/rss/shiroko/shiroko_ag2.vmdl","phase2","False","440"
"shiroko ag2","phase2/characters/models/upkk/shiroko/shiroko_ag2.vmdl","phase2","False","90.9"
"shiroko nohitbox ag2","phase2/characters/models/upkk/shiroko/shiroko_nohitbox_ag2.vmdl","phase2","False","90.9"
"shiroko v1 ag2","phase2/characters/models/upkk/shiroko_v1/shiroko_v1_ag2.vmdl","phase2","False","125.6"
"shiroko v1 nohitbox ag2","phase2/characters/models/upkk/shiroko_v1/shiroko_v1_nohitbox_ag2.vmdl","phase2","False","125.6"
"shorekeeper ag2","phase2/characters/flux/shorekeeper/normal/shorekeeper_ag2.vmdl","phase2","False","191"
"shorekeeper ag2","phase2/characters/maoling/wuthering_waves/shorekeeper/normal/shorekeeper_ag2.vmdl","phase2","False","191.1"
"silver wolf ag2","phase2/characters/flux/silver_wolf/silver_wolf_ag2.vmdl","phase2","False","103.8"
"silver wolf ag2","phase2/characters/maoling/star_rail/silver_wolf/normal/silver_wolf_ag2.vmdl","phase2","False","103.9"
"sissi ag2","phase2/characters/maoling/ash_echoes/sissi/normal/sissi_ag2.vmdl","phase2","False","74.6"
"skirk ag2","phase2/characters/maoling/genshin_impact/skirk/normal/skirk_ag2.vmdl","phase2","False","98.7"
"smei ag2","phase2/characters/models/upkk/smei/smei_ag2.vmdl","phase2","False","2023.4"
"smei nohitbox ag2","phase2/characters/models/upkk/smei/smei_nohitbox_ag2.vmdl","phase2","False","2023.4"
"snow ag2","phase2/characters/models/upkk/snow_v1/snow_ag2.vmdl","phase2","False","63.6"
"snow miku ag2","phase2/characters/models/upkk/snow_miku/snow_miku_ag2.vmdl","phase2","False","682"
"snow miku nohitbox ag2","phase2/characters/models/upkk/snow_miku/snow_miku_nohitbox_ag2.vmdl","phase2","False","682"
"snow nohitbox ag2","phase2/characters/models/upkk/snow_v1/snow_nohitbox_ag2.vmdl","phase2","False","63.6"
"sophina ag2","phase2/characters/models/cs2ze/sophina/sophina_ag2.vmdl","phase2","False","1224.7"
"sparkle ag2","phase2/characters/maoling/honkai_impact/sparkle/normal/sparkle_ag2.vmdl","phase2","False","92.4"
"stardust ag2","phase2/characters/models/upkk/stardust_samsink/stardust_ag2.vmdl","phase2","False","101.6"
"stardust nohitbox ag2","phase2/characters/models/upkk/stardust_samsink/stardust_nohitbox_ag2.vmdl","phase2","False","101.6"
"stay gold ag2","phase2/characters/models/upkk/stay_gold/stay_gold_ag2.vmdl","phase2","False","71.6"
"stay gold nohitbox ag2","phase2/characters/models/upkk/stay_gold/stay_gold_nohitbox_ag2.vmdl","phase2","False","71.6"
"stelle ag2","phase2/characters/models/asmodeus/stelle/stelle_ag2.vmdl","phase2","False","110.6"
"suomi ag2","phase2/characters/models/gugu/gfl2/suomi/suomi_ag2.vmdl","phase2","False","103.1"
"suomi ag2","phase2/characters/models/upkk/suomi/suomi_ag2.vmdl","phase2","False","83.5"
"suomi nohitbox ag2","phase2/characters/models/upkk/suomi/suomi_nohitbox_ag2.vmdl","phase2","False","83.5"
"swimwear ag2","phase2/characters/maoling/aether_gazer/dai_kokushu/swimwear_ag2.vmdl","phase2","False","136"
"sword f ag2","phase2/characters/maoling/misc/snowy/sword_f/sword_f_ag2.vmdl","phase2","False","70.6"
"taffy ag2","phase2/characters/models/asmodeus/taffy/taffy_ag2.vmdl","phase2","False","223.6"
"template ag2","phase2/characters/models/oylsister/template/template_ag2.vmdl","phase2","False","440.5"
"theresa ag2","phase2/characters/flux/starlit/theresa_ag2.vmdl","phase2","False","147.2"
"theresa ag2","phase2/characters/maoling/honkai_impact/theresa/rosy_bridesmaid/theresa_ag2.vmdl","phase2","False","61.4"
"theresa ag2","phase2/characters/maoling/honkai_impact/theresa/starlit/theresa_ag2.vmdl","phase2","False","147.3"
"theresa ag2","phase2/characters/maoling/honkai_impact/theresa/together_for_life/theresa_ag2.vmdl","phase2","False","74.6"
"theresa ag2","phase2/characters/maoling/honkai_impact/theresa/twilight/theresa_ag2.vmdl","phase2","False","88.1"
"theresa ag2","phase2/characters/models/upkk/stardust_theresa/theresa_ag2.vmdl","phase2","False","95.5"
"theresa ag2","phase2/characters/models/upkk/theresa/theresa_ag2.vmdl","phase2","False","203.3"
"theresa nohitbox ag2","phase2/characters/models/upkk/stardust_theresa/theresa_nohitbox_ag2.vmdl","phase2","False","95.5"
"theresa nohitbox ag2","phase2/characters/models/upkk/theresa/theresa_nohitbox_ag2.vmdl","phase2","False","203.3"
"tiangongxin ag2","phase2/characters/models/tiangongxin/tiangongxin_ag2.vmdl","phase2","False","123.7"
"toki ag2","phase2/characters/models/upkk/toki/toki_ag2.vmdl","phase2","False","96.7"
"toki nohitbox ag2","phase2/characters/models/upkk/toki/toki_nohitbox_ag2.vmdl","phase2","False","96.7"
"tomimi ag2","phase2/characters/models/upkk/tomimi/tomimi_ag2.vmdl","phase2","False","137.5"
"tomimi nohitbox ag2","phase2/characters/models/upkk/tomimi/tomimi_nohitbox_ag2.vmdl","phase2","False","137.5"
"troll ag2","phase2/characters/models/rss/troll/troll_ag2.vmdl","phase2","False","44"
"ump45 ag2","phase2/characters/models/upkk/ump45/ump45_ag2.vmdl","phase2","False","133.8"
"ump45 nohitbox ag2","phase2/characters/models/upkk/ump45/ump45_nohitbox_ag2.vmdl","phase2","False","133.8"
"unicorn ag2","phase2/characters/models/upkk/unicorn/unicorn_ag2.vmdl","phase2","False","72.6"
"unicorn nohitbox ag2","phase2/characters/models/upkk/unicorn/unicorn_nohitbox_ag2.vmdl","phase2","False","72.6"
"urban maya ag2","phase2/characters/models/upkk/byd_cat/urban_maya/urban_maya_ag2.vmdl","phase2","False","324.9"
"urban maya nohitbox ag2","phase2/characters/models/upkk/byd_cat/urban_maya/urban_maya_nohitbox_ag2.vmdl","phase2","False","324.9"
"vector ag2","phase2/characters/models/rss/vector/vector_ag2.vmdl","phase2","False","79.6"
"veil ag2","phase2/characters/flux/veil/veil_ag2.vmdl","phase2","False","177.4"
"veil ag2","phase2/characters/models/upkk/byd_cat/veil/veil_ag2.vmdl","phase2","False","170.7"
"veil nohitbox ag2","phase2/characters/models/upkk/byd_cat/veil/veil_nohitbox_ag2.vmdl","phase2","False","170.7"
"vepley ag2","phase2/characters/models/upkk/vepley/vepley_ag2.vmdl","phase2","False","130.8"
"vepley nohitbox ag2","phase2/characters/models/upkk/vepley/vepley_nohitbox_ag2.vmdl","phase2","False","130.8"
"verdante ag2","phase2/characters/maoling/aether_gazer/verdante/normal/verdante_ag2.vmdl","phase2","False","74.6"
"victoire pisa ag2","phase2/characters/models/upkk/victoire_pisa/victoire_pisa_ag2.vmdl","phase2","False","91.9"
"victoire pisa nohitbox ag2","phase2/characters/models/upkk/victoire_pisa/victoire_pisa_nohitbox_ag2.vmdl","phase2","False","91.9"
"vivian ag2","phase2/characters/maoling/zenless_zone_zero/vivian/normal/vivian_ag2.vmdl","phase2","False","74.6"
"vrc lime ag2","phase2/characters/models/exg/vrc_lime/vrc_lime_ag2.vmdl","phase2","False","162.9"
"w miku ag2","phase2/characters/models/upkk/w_miku/w_miku_ag2.vmdl","phase2","False","111"
"w miku nohitbox ag2","phase2/characters/models/upkk/w_miku/w_miku_nohitbox_ag2.vmdl","phase2","False","111"
"wdqyn ag2","phase2/characters/models/upkk/akabdrs/wdqyn_ag2.vmdl","phase2","False","132"
"wdqyn nohitbox ag2","phase2/characters/models/upkk/akabdrs/wdqyn_nohitbox_ag2.vmdl","phase2","False","132"
"weapon arms","phase2/characters/models/oylsister/uma_musume/gold_ship/weapon_arms.vmdl","phase2","True","124.4"
"wsjhm ag2","phase2/characters/flux/wsjhm/wsjhm_ag2.vmdl","phase2","False","53.9"
"x saber ag2","phase2/characters/models/upkk/x_saber/x_saber_ag2.vmdl","phase2","False","106.6"
"x saber nohitbox ag2","phase2/characters/models/upkk/x_saber/x_saber_nohitbox_ag2.vmdl","phase2","False","106.6"
"xier summer ag2","phase2/characters/models/upkk/xier_summer/xier_summer_ag2.vmdl","phase2","False","186.1"
"xier summer nohitbox ag2","phase2/characters/models/upkk/xier_summer/xier_summer_nohitbox_ag2.vmdl","phase2","False","186.1"
"xinghui ag2","phase2/characters/models/upkk/xinghui/xinghui_ag2.vmdl","phase2","False","121.6"
"xinghui nohitbox ag2","phase2/characters/models/upkk/xinghui/xinghui_nohitbox_ag2.vmdl","phase2","False","121.6"
"xingqiong ag2","phase2/characters/models/flux/xingqiong/xingqiong_ag2.vmdl","phase2","False","132.8"
"yamakaze ag2","phase2/characters/models/upkk/yamakaze/yamakaze_ag2.vmdl","phase2","False","76.1"
"yamakaze nohitbox ag2","phase2/characters/models/upkk/yamakaze/yamakaze_nohitbox_ag2.vmdl","phase2","False","76.1"
"yasina ag2","phase2/characters/models/upkk/yasina/yasina_ag2.vmdl","phase2","False","142.8"
"ye shunguang ag2","phase2/characters/models/rss/ye_shunguang/ye_shunguang_ag2.vmdl","phase2","False","161.4"
"yifu nl ag2","phase2/characters/models/upkk/yifu_nl/yifu_nl_ag2.vmdl","phase2","False","268"
"yifu nl ag2 nohitbox","phase2/characters/models/upkk/yifu_nl/yifu_nl_ag2_nohitbox.vmdl","phase2","False","268"
"yifu nl nohitbox ag2","phase2/characters/models/upkk/yifu_nl/yifu_nl_nohitbox_ag2.vmdl","phase2","False","268"
"yixuan ag2","phase2/characters/models/asmodeus/yixuan/yixuan_ag2.vmdl","phase2","False","126.5"
"yoohee ag2","phase2/characters/models/gugu/gfl2/yoohee/yoohee_ag2.vmdl","phase2","False","135"
"yuexia huajia ag2","phase2/characters/models/upkk/yuexia_huajia/yuexia_huajia_ag2.vmdl","phase2","False","207.7"
"yuexia huajia nohitbox ag2","phase2/characters/models/upkk/yuexia_huajia/yuexia_huajia_nohitbox_ag2.vmdl","phase2","False","207.7"
"yuka pajamas ag2","phase2/characters/models/rss/yuka_pajamas/yuka_pajamas_ag2.vmdl","phase2","False","120.4"
"yuka sd ag2","phase2/characters/models/rss/yuka_sd/yuka_sd_ag2.vmdl","phase2","False","240.8"
"yun li 4k ag2","phase2/characters/maoling/star_rail/yun_li/normal/yun_li_4k_ag2.vmdl","phase2","False","129.5"
"yun li ag2","phase2/characters/maoling/star_rail/yun_li/normal/yun_li_ag2.vmdl","phase2","False","129.5"
"yuudachi ag2","phase2/characters/maoling/black_surgenight/yuudachi/yuudachi_ag2.vmdl","phase2","False","167"
"yuuka ag2","phase2/characters/models/upkk/yuuka/yuuka_ag2.vmdl","phase2","False","115.9"
"yuuka nohitbox ag2","phase2/characters/models/upkk/yuuka/yuuka_nohitbox_ag2.vmdl","phase2","False","115.9"
"yvette ag2","phase2/characters/models/upkk/yvette/yvette_ag2.vmdl","phase2","False","88.6"
"yvette nohitbox ag2","phase2/characters/models/upkk/yvette/yvette_nohitbox_ag2.vmdl","phase2","False","88.6"
"zgnnn ag2","phase2/characters/flux/zgnnn/zgnnn_ag2.vmdl","phase2","False","113.8"
"zhao ag2","phase2/characters/models/rss/zhao/zhao_ag2.vmdl","phase2","False","143.6"
"zjunko ag2","phase2/characters/models/upkk/junko/zjunko_ag2.vmdl","phase2","False","115.6"
"zmizuno ag2","phase2/characters/models/upkk/mizuno/zmizuno_ag2.vmdl","phase2","False","266.8"
"zombie ag2","phase2/characters/maoling/pvz/zombie/zombie_ag2.vmdl","phase2","False","99.3"
"zome ag2","phase2/characters/models/upkk/zome/zome_ag2.vmdl","phase2","False","154.7"
"zome nohitbox ag2","phase2/characters/models/upkk/zome/zome_nohitbox_ag2.vmdl","phase2","False","154.7"
